pdb,vina,F1,F2,F3,F4,F5,F6,F7,F8,F9,F10,F11,F12,F13,F14,F15,F16,F17,F18,F19,F20,logKa
1nvq,9.2109253683,-23.2691780808,-0.016584208899999998,3.5,36.0,3.5,16.0,0.002860611,-3.4016698985000002,4.0,-58.7668593899,18.0359,32.6199,56.4561,36.457,69.6353,250.6777,266.5902,209.0104,0.0,939.4825,8.25
1z95,7.566250080900001,-15.2061352229,-0.1477102162,6.5,29.0,6.5,14.0,-0.0344520253,-2.9896025514,10.0,-70.1068128322,3.1628,0.0,70.1723,14.5294,115.6544,314.0894,162.7313,210.24599999999998,33.6937,924.2793,7.12
1z6e,7.8455043937,-37.562800399400004,-0.2085238721,7.5,38.0,7.5,12.0,-0.0502293952,-3.1492833244,10.0,-123.072499812,2.5314,10.0168,28.7384,30.9147,150.2584,401.8398,74.7236,117.9272,72.5928,889.5431,9.72
3f3e,4.501083389700001,-12.7295502473,-0.6337426949,3.5,9.0,3.5,4.0,-0.1422383808,-5.2602455397000005,4.0,-61.4022156109,36.9048,58.8614,0.0,0.0,0.0,0.0,141.9711,22.945999999999998,0.0,260.6833,7.7
2p4y,7.950664855,-22.8830469401,-0.3059826884,9.0,40.0,9.0,19.0,-0.0463052237,-1.4219950583,10.0,-59.2305717679,13.257,19.3398,46.0874,9.7437,80.6179,408.8925,316.2681,243.6662,56.0261,1193.8987,9.0
4w9h,5.851079069600001,-13.3519971962,-0.2485870959,7.5,33.0,6.5,13.0,-0.0541609016,-3.0586166255,8.0,-68.0765345169,2.6211,0.0,62.1352,18.815,111.09299999999999,263.4259,212.8427,100.2942,0.0,771.2271,6.73
3zsx,5.4208065007,-22.4010193168,-0.3081904933,10.0,34.0,9.0,18.0,-0.0805225322,-4.625637326600001,8.0,-48.6091671343,0.0646,27.5276,23.5866,46.5505,57.7231,245.9515,194.4432,159.3838,0.0,755.2309,3.28
1eby,8.603881709400001,-34.2237925516,-0.7823771085,15.0,48.0,13.0,26.0,-0.2022378628,-7.5720079774,10.0,-98.1749005823,53.2697,52.7412,76.1599,34.8981,126.4422,481.9928,356.1545,210.2187,0.0,1391.8771,9.7
2zda,6.9393581825999995,-19.2009858193,-0.5046264502000001,8.0,29.0,8.0,15.0,-0.11899408269999999,-5.743644789299999,10.0,-67.5199989794,52.9831,9.1022,71.5771,24.9046,83.8251,251.4916,183.7569,138.674,0.0,816.3146,8.4
2j78,4.1875164147,-20.5092825927,-1.085051757,3.5,13.0,3.5,0.0,-0.27263089809999996,-9.757265394800001,4.0,-87.156509156,0.0,41.7407,125.9884,14.6665,27.1761,56.0183,1.9041,112.03200000000001,0.0,379.5261,6.42
1gpn,7.3469145662,-7.3634254261,0.0661314584,0.0,19.0,0.0,12.0,0.006161316,-1.0860566382999999,0.0,-26.3406087766,8.5843,11.8536,44.1741,28.9547,44.5076,189.5286,237.9252,83.3137,0.0,648.8418,6.48
4w9l,5.8632329989,-14.529556712,-0.31536402550000003,10.5,41.0,8.5,17.0,-0.0690067392,-3.9828140255,8.0,-70.42031379310001,18.7968,0.0,69.5944,37.9857,127.1926,269.3896,248.8952,109.8755,0.0,881.7298,5.02
2v00,4.9365050584,-16.9893007572,0.49817907310000004,3.5,16.0,3.5,9.0,0.0848794628,-3.6595503127,6.0,-46.925609542,0.0,44.4978,61.2275,14.8776,48.1333,170.2704,104.9487,23.3404,0.0,467.2957,3.66
3ebp,6.5906203621,-15.0887914927,-0.052613237699999996,3.5,28.0,3.5,12.0,-0.0092126344,-0.2418243181,4.0,-20.5283459978,16.4059,10.1337,31.115,13.0242,48.5085,350.7266,87.8437,28.2637,29.21,615.2313,5.91
3acw,7.510790902,-3.1361465185000004,0.3115352077,2.5,21.0,2.5,15.0,0.0558259239,-0.73349,4.0,-19.284405637,5.0235,0.0,19.3126,22.8224,21.0258,450.9594,231.5704,104.2464,0.0,854.9605,4.76
4abg,4.0550041113,-12.3103680472,0.2464819796,2.5,15.0,2.5,5.0,0.047016709000000004,-2.4926704112999998,4.0,-47.401549198299996,41.6171,4.8368,22.4576,18.4241,49.6809,103.0412,27.5078,163.89700000000002,0.0,431.4625,3.57
4f3c,6.4922886927,-23.807104976999998,0.16923081280000002,7.5,23.0,7.5,5.0,-0.009293318299999999,-4.341307263,10.0,-104.168555438,15.6212,22.1257,87.8936,31.7217,79.6816,187.9579,176.6305,179.0344,0.0,780.6666,11.82
4gid,7.925066054,-29.5879963885,-0.060498255199999997,16.5,47.0,14.5,23.0,-0.0018630646,-7.7719720212,14.0,-127.118115251,34.4472,20.8418,94.3643,74.9062,202.6342,376.7638,390.0184,272.1265,0.0,1466.1024,10.77
3qgy,6.09016747,-9.3076653644,0.1059379607,4.5,30.0,4.5,15.0,0.013569565,-1.4873196777000002,8.0,-37.956127077,39.9154,3.5174,22.2644,17.154,101.3619,294.7177,139.3928,118.1131,0.0,736.4367,7.8
3ehy,3.7568991055,-19.6469110648,-0.6412683023,5.0,17.0,5.0,5.0,-0.1482309941,-2.6254834456,6.0,-64.9265690468,0.0,58.6827,12.2768,6.728,79.4636,118.4878,107.5437,134.1399,0.0,517.3225,5.85
2fvd,6.379001162200001,-22.220566107,-0.0786007884,6.0,30.0,6.0,8.0,-0.0084938142,-2.7296096860000003,6.0,-63.094670436899996,10.0828,19.6266,25.4328,9.3371,89.8057,170.61599999999999,241.3682,167.7099,39.162,773.1411,8.52
3coz,7.0030324495,-35.1330634301,-0.3737204899,9.0,30.0,9.0,3.0,-0.0861043911,-6.6060676615,12.0,-148.20002615200002,35.0439,16.7186,103.094,66.4122,178.6222,81.778,251.0107,226.7489,0.0,959.4285,5.57
3ary,4.0334028308,-12.601556242300001,-0.0698135782,2.0,17.0,2.0,5.0,-0.0085524934,-0.0,2.0,-26.230130512800002,25.4708,21.1236,10.6527,10.2457,49.9745,186.0679,45.1942,61.5101,0.0,410.2395,6.0
4kz6,3.7397281045999997,-13.218369988,-0.6963754059999999,3.5,15.0,3.5,5.0,-0.1412921787,-3.3471715914999995,6.0,-39.7585100493,0.5887,28.0741,54.6835,56.7129,34.6293,24.5838,176.7738,71.6105,0.0,447.6566,3.1
3dx2,4.0515273687,-14.2922580272,-0.5393205272,3.0,12.0,3.0,0.0,-0.1313533892,-10.6644091523,2.0,-85.0273123793,49.5583,19.6189,80.9436,0.0523,37.2392,39.631,4.5496,153.4936,0.0,385.0865,6.82
1lpg,5.7612925587,-28.686339136199997,-0.18383459870000002,10.5,41.0,10.5,22.0,-0.0645544549,-3.3130496367,8.0,-76.73862599270001,64.932,20.0501,76.5707,44.3696,136.8801,377.6662,107.531,289.5882,0.0,1117.5879,7.09
5a7b,4.8392589542,-11.7702773555,0.22070714100000002,9.5,31.0,8.5,18.0,0.0440167349,-0.0,8.0,-45.6664565986,0.0133,0.9536,49.5943,4.0282,57.8117,144.4134,254.3029,195.321,0.0,706.4384,3.57
4jxs,5.0500199708,-24.0212913919,-1.0689003072,6.0,22.0,6.0,7.0,-0.2197095946,-6.5864394691,6.0,-73.6731072263,2.2667,56.7181,27.475,55.4912,86.7128,159.8712,60.5066,100.8726,0.0,549.9142,4.74
4tmn,5.948948640299999,-33.6817434416,-1.4496036219,14.0,36.0,12.0,18.0,-0.3345887984,-7.4165154323,12.0,-121.76057226299999,15.567,91.2007,47.5705,46.6807,112.0503,263.8666,311.9082,111.34100000000001,0.0,1000.185,10.17
3ryj,4.3045154046,-9.9398970699,-0.1713505989,4.5,18.0,4.5,8.0,-0.0369825658,-2.1754506561,6.0,-36.4128054378,0.0,0.0,25.901999999999997,22.0982,59.9444,138.7168,77.7551,65.8195,69.6309,459.8669,7.8
3bv9,6.043253449600001,-21.5683394641,0.052862624299999994,13.5,47.0,12.5,19.0,0.0099681291,-3.1136797198000004,12.0,-74.8712044621,113.1752,18.8387,39.7916,31.2321,82.1212,122.9166,350.5357,174.4025,0.0,933.0136,5.36
3n7a,5.238013457799999,-12.2120510476,-0.3405960815,2.5,12.0,2.5,3.0,-0.0883268658,-7.7840599364,2.0,-73.4442510114,13.0397,67.0822,87.8278,19.0786,13.3936,18.2869,90.0904,71.5657,0.0,380.3649,3.7
3uev,3.7237380226,12.323218792,-0.12507471480000001,12.0,16.0,12.0,13.0,-0.0227528598,-0.9205886292000001,14.0,-4.1702133856,22.8252,20.1248,0.0,0.0633,24.4559,22.494,572.4540000000001,16.8467,0.0,679.2639,5.89
3myg,4.4568539427,-20.5094439605,-0.1168669617,8.5,30.0,7.5,6.0,-0.0233323169,-2.0802069796000002,12.0,-62.413911033000005,62.0964,11.7715,25.2745,33.8637,99.742,202.4689,265.3604,90.5637,0.0,791.1411,10.7
4j28,4.4706068802,-16.9261839427,-0.18903504280000002,2.0,17.0,2.0,5.0,-0.0398945211,-4.573750244,2.0,-60.655339418400004,14.28,35.1802,51.9876,41.3956,26.6343,138.5555,69.0121,67.8132,0.0,444.8585,5.7
3nw9,7.989400461900001,-38.130624348000005,-0.6308674140999999,8.0,38.0,8.0,13.0,-0.1667002723,-10.2707890787,6.0,-160.867955905,19.0236,21.2076,92.551,38.5946,169.305,279.2482,208.7743,228.0417,12.6904,1069.4364,9.0
2qbr,5.4762730145,-30.9340532271,-1.2467716322,8.0,28.0,8.0,12.0,-0.2234283889,-4.3997224066000005,8.0,-57.033380468199994,31.0886,68.4563,14.8727,31.0424,61.7877,286.5762,101.9068,126.8179,4.3824,726.931,6.33
4ivc,7.1942606274,-16.7711681661,-0.3021758753,3.5,24.0,3.5,9.0,-0.0589359215,-2.8352762554,4.0,-67.070472298,8.0439,19.2377,19.4981,31.2694,134.0603,143.5693,288.1214,120.8313,0.0,764.6314,10.0
3wz8,6.6043292902,-20.7562926851,-0.3349555434,9.0,33.0,9.0,20.0,-0.06899206940000001,-3.3158882430000003,10.0,-59.772943613500004,0.0,63.5615,65.2133,31.1312,101.8233,373.8689,187.8647,117.6216,0.0,941.0845,5.82
3d6q,3.5629423448,-18.473994540699998,-0.0790848918,4.0,22.0,4.0,4.0,-0.0287821476,-2.8999113942,4.0,-53.2713175931,18.5447,1.0996,43.7295,22.5965,69.5631,91.1646,32.3755,55.4411,0.0,334.5146,3.76
3b65,7.742962491699999,-10.0171042273,-0.1620352759,5.5,25.0,5.5,11.0,-0.0322148808,-2.5340979265,6.0,-65.7508137645,3.7774,0.0,68.8544,11.4774,122.0802,294.1379,156.641,241.8358,5.2824,904.0865,9.27
3oe4,7.018428404600001,-40.8489529578,-0.7405168342,8.0,33.0,8.0,5.0,-0.1759422463,-10.1219712926,8.0,-153.509584225,10.5914,27.5097,115.427,39.6897,188.7044,200.713,156.5913,262.6509,0.0,1001.8774,7.47
4ddk,4.2045553874,-21.188978436099998,-0.4224829051,1.0,12.0,1.0,4.0,-0.0842266567,-0.6413196466,1.0,-49.9312535197,0.0,29.2262,0.0,6.4479999999999995,48.266999999999996,128.0988,46.8376,120.9256,0.0,379.8032,2.29
2xnb,6.811320168200001,-19.2819191059,0.3365105422,4.0,27.0,4.0,6.0,0.0562073387,-1.9372497786000002,4.0,-49.998932642,6.3368,14.8564,10.7168,9.7926,111.9778,228.9342,196.7488,135.5351,0.0,714.8985,6.83
3e92,9.2334581811,-8.0807419716,-0.04970861730000001,4.0,26.0,4.0,17.0,-0.019576848100000002,-3.6595063032999997,4.0,-46.235681513100005,8.2305,14.9585,22.436999999999998,25.0009,81.7251,219.7547,459.6225,82.9183,0.0,914.6475,8.0
1h22,7.1247697848,-9.6808650764,0.0509408805,13.0,34.0,13.0,20.0,0.0009021927,-2.8165502556999997,14.0,-48.2334368818,3.3692,11.5637,65.6539,42.3969,87.7165,341.0279,361.79,115.3842,0.0,1028.9023,9.1
5tmn,5.2366858409,-26.6416330726,-1.3146854713,14.0,32.0,12.0,14.0,-0.30072356510000003,-5.4316768225,12.0,-97.17632729629999,17.7156,90.5246,32.4612,38.8894,99.64299999999999,190.8079,309.8385,106.3631,0.0,886.2433,8.04
4lzs,4.6231654653,-4.4154044228,-0.12142926949999999,3.0,15.0,3.0,6.0,-0.024029132400000004,-1.7401610156,2.0,-22.2722258077,0.0,0.0,4.1623,41.8461,45.1436,66.8571,261.5162,79.0442,0.0,498.5695,4.8
4f2w,6.434973784099999,-26.652899479000002,0.0946568845,5.0,20.0,5.0,2.0,-0.016356827,-4.0207868028,8.0,-103.43509477799999,13.5744,22.2321,82.8467,33.1009,84.5693,110.6124,80.5305,267.9382,0.0,695.4045,11.3
3gy4,4.2458508744,-14.72187779,-0.6463807276,2.0,10.0,2.0,5.0,-0.1514730199,-4.3698546938,4.0,-51.2484108523,39.0406,7.5221,84.7953,13.1382,44.4557,114.0752,17.4523,69.0016,0.0,389.481,5.1
2w66,4.7323821263,-22.6790927107,-0.44220645119999996,4.0,16.0,4.0,1.0,-0.1257495256,-6.3240700961,4.0,-73.5545679074,9.2002,28.4951,94.2077,32.6587,20.095,43.5257,108.6113,147.5234,0.0,484.3171,4.05
3utu,7.278538628400001,-32.424145497,-0.7287589895000001,13.5,47.0,12.5,19.0,-0.1523972173,-5.4512096612,12.0,-109.18371996399999,57.5749,27.6158,82.7035,37.4653,129.9548,266.3844,192.4716,244.2581,63.06100000000001,1101.4894,10.92
3bgz,7.7273244849000005,-8.6534362938,-0.5325357447,3.0,24.0,3.0,18.0,-0.0916789151,-1.6425995107,2.0,-13.3464300071,12.0393,44.5478,0.0,16.1746,7.3066,322.7643,226.3147,51.3427,0.0,680.49,6.26
4owm,3.4088434306999997,-13.4461479726,-0.0718380106,1.5,11.0,1.5,5.0,-0.0155866625,-1.0574505283,2.0,-17.0505471722,21.284000000000002,17.3163,0.0,13.6591,5.7495,151.8712,61.2523,40.4001,8.5639,320.0964,2.96
3u5j,6.3978078458,-2.637263295,-0.0148605074,1.0,22.0,1.0,12.0,-0.0038214828999999996,-0.0,1.0,-13.8176899972,0.0,0.3558,4.63,18.3096,75.6952,220.9333,203.78099999999998,48.7826,34.9494,607.4369,5.61
3fur,8.1340446899,-8.390370105299999,-0.021505926800000002,5.0,31.0,5.0,15.0,-0.0076062913,-1.8370917191,6.0,-53.0706934083,0.7863,2.2655,101.164,17.1789,117.4313,322.6033,229.6377,116.0296,223.5097,1130.6063,8.0
4pcs,5.0291595152,-12.771586559200001,-0.0126380327,3.0,16.0,3.0,9.0,-0.009484025699999999,-4.9631087407,4.0,-50.5060382884,18.2311,40.6728,51.6263,17.2289,17.4774,118.2579,84.1936,63.9759,0.0,411.6639,7.85
4llx,3.6836894686000003,-5.4698403072,0.22232081899999998,0.5,9.0,0.5,3.0,0.0354495717,-1.2206593881999999,1.0,-8.2547037949,0.0,0.0,62.4426,20.648000000000003,47.1569,110.2155,181.8463,2.8497,0.0,425.159,2.89
4hge,6.542510752999999,-19.774046886500003,0.0070635087,3.0,25.0,3.0,9.0,0.0019730881,-0.6452951624000001,4.0,-46.462476621099995,0.6863,29.4612,3.3759,15.924000000000001,101.2738,280.6812,203.2905,120.1075,63.0377,817.8381,7.92
4wiv,5.9013598091,-0.2813961036,0.0124839998,3.0,27.0,3.0,12.0,-0.0012982773,-0.590386101,4.0,-12.4008807132,0.0,0.5066,5.444,19.5237,57.2432,185.292,336.8909,16.129,0.0,621.0294,6.26
4agp,4.4883353335,-11.861193441,0.2021131695,9.5,30.0,8.5,16.0,0.040598671499999996,-0.0,8.0,-46.446420525,0.3065,1.5066,45.7122,3.7128,57.5427,143.9168,183.6797,186.5051,15.8326,638.715,4.69
2y5h,5.6117632873000005,-24.4363953876,0.4625241242,6.0,31.0,6.0,8.0,0.0796276744,-0.6010877201,8.0,-88.859306191,0.0,19.8037,40.5536,53.0162,180.9513,177.1156,161.8771,286.8682,68.2898,988.4755,5.79
3e5a,6.1579786205,-16.7119681882,0.014200366399999999,7.0,33.0,7.0,10.0,0.0005281128,-1.6209175462999998,8.0,-59.6422503653,40.135,12.6912,14.5768,35.8861,117.5193,214.6043,320.9836,132.9927,0.0,889.3889999999999,8.23
3kr8,8.349602731100001,-16.9288685161,-0.0678111505,2.0,21.0,2.0,11.0,-0.017310363999999998,-2.1806290955,2.0,-61.2129531862,0.0,8.2125,15.2123,18.377,102.8331,203.5111,94.61399999999999,114.7584,79.1425,636.6609,8.1
1ps3,5.1140756525,-26.4549451978,-0.8403374883,3.0,16.0,3.0,0.0,-0.2017317547,-9.6231907577,4.0,-93.69627665639999,17.8212,20.5684,105.0315,14.7965,46.0751,44.8722,2.0158,145.7,0.0,396.8807,2.28
1p1n,5.2787148179,-25.614108936300003,-0.8958920209000001,4.0,15.0,4.0,6.0,-0.18588103579999998,-7.6902832399,4.0,-74.7190933059,26.3138,106.6662,36.575,8.7502,10.6599,33.9594,124.991,140.6954,0.0,488.6109,6.8
1c5z,3.8798246946,-11.199732159000002,-0.5153867485,1.5,9.0,1.5,6.0,-0.1290575655,-4.0988961529,2.0,-38.2650877348,42.2051,13.1529,62.8408,12.5573,55.9203,142.1169,37.609,77.8085,0.0,444.2108,4.01
3jvs,5.5160868517,-13.3605056802,-0.5490319348,5.0,30.0,5.0,18.0,-0.1039135283,-2.1239009789,4.0,-44.1404599932,0.0,12.0841,8.9422,31.3091,98.2112,185.1307,198.3345,78.1827,0.0,612.1945,6.54
3u8n,4.912248544100001,-13.3239485386,0.1394804584,3.0,17.0,3.0,4.0,0.0282100254,-1.5673287669,4.0,-64.019153898,20.6139,0.0,27.1173,13.8043,104.321,155.0184,92.1039,232.3196,5.0358,650.3342,10.17
2w4x,4.2960142555,-17.0209215111,-0.5869020235,5.0,18.0,5.0,0.0,-0.1449742985,-4.9497298831,4.0,-61.468581786099996,0.0,17.5616,104.0055,20.0975,78.1716,72.014,46.8476,176.1568,0.0,514.8546,4.85
3nx7,4.0355519565,-17.2010519853,-0.3629601916,8.0,20.0,7.0,4.0,-0.0831557613,-5.0680124805,6.0,-75.0034160346,0.0,9.5917,39.1774,23.1952,111.4921,110.8343,73.3684,164.4856,0.0,532.1447,8.1
4cr9,4.2554302538,-13.314589206199999,-0.2680832601,1.0,13.0,1.0,7.0,-0.0611290566,-1.6454967962,2.0,-45.758142848599995,0.0,6.5007,74.0539,14.8771,51.5543,119.6806,106.585,53.9353,0.0,427.1869,4.1
3syr,7.065269076,-34.5842222027,-0.9748595543,4.0,20.0,4.0,1.0,-0.2120446241,-9.0887406041,4.0,-116.064743687,27.79,77.4017,63.6736,134.2718,176.0671,156.8614,223.0566,201.6015,33.446999999999996,1094.1707,5.1
1p1q,3.5812282505,-20.2016935612,-0.4972182012,3.5,13.0,3.5,3.0,-0.10287930740000001,-6.7366948955999995,4.0,-76.2065156722,32.5545,67.1248,31.5363,36.633,48.251999999999995,52.3599,93.2388,56.7553,0.0,418.4546,4.89
4ivd,6.5333714676,-15.7997706846,-0.225548175,4.5,25.0,4.5,10.0,-0.0463932425,-2.8918430042,5.0,-65.3827191429,3.3314,21.8835,18.9021,30.7684,129.5857,145.8203,311.4582,122.2684,0.0,784.018,9.52
2wvt,3.6734352784,-20.8683479524,-0.428724905,4.5,13.0,4.5,0.0,-0.1101995376,-8.1989878945,4.0,-82.4381073491,19.9393,39.5032,117.1561,14.4163,18.0443,53.0881,2.3202,124.4926,0.0,388.9601,6.12
3coy,7.5063679573,-34.2702371384,-0.3457011719,9.0,31.0,9.0,4.0,-0.0825469646,-6.852417612899999,12.0,-148.13860369999998,27.6869,14.8685,101.5106,63.7005,179.7039,81.5881,276.7283,227.6405,0.0,973.4273,6.02
2iwx,6.3296739597,-11.822927267699999,-0.2174504454,1.0,24.0,1.0,13.0,-0.057813681799999996,-2.0198334177,2.0,-38.677147747,0.0,18.1479,51.8219,35.4919,57.2445,74.4613,272.6721,94.845,49.4056,654.0902,6.68
4m0z,7.7762849424,-20.903790189200002,-0.3345081145,4.0,24.0,4.0,8.0,-0.0774785487,-4.5362762399,4.0,-67.509172667,3.6829,1.1797,11.5094,113.5189,100.0684,295.0972,108.2332,169.8139,0.0,803.1036,5.19
3b5r,7.5006760749,-18.0309959203,-0.08330245929999999,6.5,28.0,6.5,14.0,-0.0236257129,-3.2201457933,10.0,-70.1627487796,3.6862,0.0,66.5642,15.0994,111.064,374.2405,144.9545,200.2793,34.7322,950.6203,8.77
1bcu,4.9552750675,-15.004036723199999,-0.33169884780000003,0.5,16.0,0.5,9.0,-0.0728869013,-1.0117247617,1.0,-46.014783664700005,0.0,16.2027,66.6193,14.2073,48.2368,199.0264,44.5029,64.3287,0.0,453.1241,3.28
3uo4,6.5761926138,-18.6359197931,0.08272300219999999,6.0,29.0,6.0,17.0,0.010415558,-4.0160337876,6.0,-35.7116550119,54.5932,29.7352,19.5709,7.2146,68.9133,372.7634,175.0847,72.953,0.0,800.8283,6.52
4crc,7.108398287999999,-20.1869724169,-0.0595960625,9.0,39.0,8.0,19.0,-0.0145451067,-3.8146321033999997,8.0,-98.17866338600001,14.4582,6.9495,32.1325,37.0538,201.5418,312.5292,145.1063,124.5445,65.798,940.1138,8.72
3ivg,5.6614205603,-27.527490950300002,-0.38077666369999996,7.0,29.0,7.0,11.0,-0.0826936626,-1.2791918902,8.0,-94.36651781370001,1.4454,53.8845,23.4707,57.2351,133.0131,351.3993,125.0791,198.7616,0.0,944.2888,4.3
1pxn,6.0784242951,-17.317918947,0.09341728640000001,3.5,22.0,3.5,6.0,0.008325111500000001,-2.1964944842,4.0,-48.8418448321,13.9911,18.3678,38.8087,11.1765,88.6263,258.1994,245.6383,90.69200000000001,0.0,765.5001,7.15
1bzc,6.3380724202,-38.3888715072,-1.121872955,8.0,29.0,7.0,14.0,-0.22887821960000002,-7.26301798,10.0,-76.2736960213,50.5948,123.3301,5.0685,33.5676,29.6406,211.4853,98.3972,85.0473,0.0,637.1314,4.92
3jya,5.495717834400001,-6.6221530972,-0.10901861869999999,0.0,16.0,0.0,5.0,-0.0173690432,-0.18561697940000002,0.0,-8.3875975131,11.1263,1.1716,0.0,22.1097,59.1339,171.5701,197.0275,18.8504,91.1416,572.1311,6.89
1a30,3.6664671234,-33.3483135574,-1.6012820190000001,12.5,26.0,10.5,7.0,-0.3774612889,-3.6887358798000003,10.0,-82.27178849159999,37.7487,162.6508,2.0719,26.9818,78.7331,0.0,308.8565,116.0641,0.0,733.1069,4.3
1sqa,5.595567828099999,-27.717552879099998,-0.2246826568,7.0,31.0,7.0,15.0,-0.0672023538,-5.1018703789,8.0,-85.90515321129999,52.635,179.2295,91.6607,28.7186,112.3093,294.4924,176.9667,151.7047,0.0,1087.7169,9.21
1q8u,6.070319230599999,-8.8508477924,0.2752494574,2.0,22.0,2.0,9.0,0.047236756,-0.9678107154000001,2.0,-33.8122386475,13.0053,16.2256,9.5589,7.0388,90.8574,167.488,240.8576,98.00399999999999,0.0,643.0356,5.96
3uex,3.8525021921,16.7186796217,-0.1914482249,16.0,20.0,16.0,17.0,-0.0395277761,-0.1413801975,18.0,-5.8110158458,4.8117,26.1713,0.0,0.0505,25.1847,29.4772,721.6922,19.0117,0.0,826.3993,6.92
4u4s,4.0088529205,-12.9749833362,-0.07558614450000001,1.0,14.0,1.0,2.0,-0.0088825639,-1.0809882224,1.0,-62.859161467700005,0.0,0.0,68.8874,6.1317,99.3554,93.6012,125.5129,103.2702,0.0,496.7588,2.92
3rlr,6.6818225087,-14.328595121800001,-0.18310110870000001,2.0,23.0,2.0,9.0,-0.0421976797,-1.5989055114,2.0,-47.607249133900005,0.0,9.3533,13.1159,36.4165,98.8337,102.8126,246.2225,80.2828,100.5466,687.5839,7.52
4mgd,5.6800438714,-1.8473459093,-0.18915240120000001,4.0,19.0,3.0,14.0,-0.0539995338,-2.2326848808,4.0,-18.2659621069,6.5501,10.144,60.5247,1.1997,28.0916,253.9577,178.9568,45.3128,135.6762,720.4136,4.69
3d4z,3.8781816769999997,-22.378251787199996,-0.8130516603,3.0,14.0,3.0,0.0,-0.18796414739999998,-8.5293591254,4.0,-86.08061868909999,15.9868,20.7102,107.7121,0.0164,47.7285,82.9177,2.3797,107.5505,0.0,385.0019,4.89
3gr2,2.9586932827999997,-6.388001084500001,0.1985924175,2.0,14.0,2.0,4.0,0.032009503599999996,-1.7882999643000002,2.0,-38.188782770100005,0.1612,0.0,12.2214,55.5884,89.5441,28.6,129.1485,49.383,0.0,364.6466,2.52
3aru,4.053896541399999,-14.0061455829,0.0147064745,5.0,20.0,5.0,4.0,-0.00366745,-1.0487880114,5.0,-36.3080924054,26.6707,2.3322,0.0066,19.29,67.9714,130.0126,173.5255,87.0156,0.0,506.8246,3.22
2c3i,6.5140880155,-7.0880879499,0.0376573766,4.0,23.0,4.0,12.0,0.0049657273,-0.6557547297999999,6.0,-11.0436528219,8.7567,8.7332,4.5761,5.4936,54.7506,247.7347,304.8639,53.7113,0.0,688.6201,7.6
4ogj,4.7168394732,-5.795275150399999,0.1787735177,11.0,37.0,11.0,15.0,0.029640330899999998,-1.7877865213,12.0,-17.7873672168,0.0,0.0,20.3761,17.7557,59.6724,260.0508,258.7554,17.2556,0.0,633.866,6.79
3b68,7.5960371098,-26.3949750554,-0.41571279240000003,8.5,31.0,8.5,13.0,-0.0936740079,-3.2722382531,8.0,-82.529287491,3.8727,0.0,31.9648,21.372,173.3745,269.8385,265.191,204.8914,0.0,970.5049,8.4
4agn,3.957398597,-11.717091995599999,0.11775448460000001,8.0,24.0,7.0,11.0,0.0237210666,-1.0014925762,8.0,-41.693441999499996,0.1217,1.7921,65.8352,3.4053,54.1284,90.9176,158.083,167.7369,0.0,542.0202,3.97
2pog,7.0075140734,0.0245279056,-0.1651672782,2.0,21.0,2.0,14.0,-0.0500826972,-2.5478435291,4.0,-21.2804152995,9.2546,7.7649,47.3435,8.1481,13.2299,294.0509,262.7627,62.3734,0.0,704.928,9.54
1k1i,5.5845434734,-23.962619526799998,-0.9497155170999999,8.5,36.0,7.5,19.0,-0.2103429273,-6.0935928683,8.0,-80.033661115,38.7166,26.2839,71.4506,20.2651,100.8317,139.119,116.6597,116.7924,0.0,630.119,6.58
2zcr,6.3528229041,-16.5054100693,-1.7292540193000001,10.0,28.0,9.0,19.0,-0.3541216371,-3.6719829682,10.0,-41.9840947469,36.3473,100.3413,29.5696,16.6443,48.4786,298.9561,359.8751,51.2211,0.0,941.4334,6.87
4qd6,4.5353960519,-10.363333512,-0.1994652706,7.5,35.0,7.5,18.0,-0.0405253225,-2.0904391651,6.0,-42.2803293532,7.5169,5.0675,23.8624,22.8839,65.751,259.6415,132.7761,47.6801,0.0,565.1794,8.64
3gnw,8.679020425,-20.0056536889,0.0344666951,5.5,44.0,5.5,22.0,-0.0071661973,-4.1782891105,8.0,-73.7143733737,43.6027,3.5723,84.205,16.9794,138.8551,307.2175,139.0825,181.7394,30.2682,945.5221,9.1
2ymd,5.0293795622,-7.235636798300001,-0.1408227451,3.0,13.0,3.0,6.0,-0.034928793799999996,-3.6589341811000002,6.0,-46.1041594212,41.5632,0.0,39.7896,34.5854,44.4487,208.5799,75.0471,69.2921,0.0,513.306,3.16
2xdl,4.6019309298,-13.6711973744,-0.09245641449999999,4.5,16.0,4.5,6.0,-0.0184692782,-1.3917092562,4.0,-37.8441671634,19.7071,9.4386,39.0851,14.6924,53.902,106.4722,221.3,160.2973,0.0,624.8947,3.1
1o0h,4.529447448,-38.1110695046,-0.9641799399,7.5,27.0,7.5,0.0,-0.2000153881,-7.233473002799999,10.0,-109.70037565,45.8911,107.7124,44.4522,50.7524,97.3311,69.2865,48.8559,104.5801,0.0,568.8617,5.92
3rsx,5.0592179354,-8.8901848611,-0.3144691677,1.5,16.0,1.5,9.0,-0.0907253781,-2.1506146847,2.0,-45.967994337600004,0.0,16.9776,59.2914,8.6572,61.3514,249.5495,48.2745,35.416,0.0,479.5176,4.41
2xii,6.6188303875,-27.387775775100003,-0.2068955243,4.5,28.0,4.5,13.0,-0.0513809745,-8.1402133408,6.0,-89.2578406476,42.9251,44.7088,71.2424,17.7568,51.4719,216.4973,90.0021,124.6687,0.0,659.2731,7.2
3pyy,6.4345923693,-14.489640186199999,-0.1149085434,3.0,25.0,3.0,12.0,-0.0183812594,-1.6095191116999998,2.0,-54.9706085459,0.0,0.0,9.9545,29.1847,66.7327,252.8463,159.7106,94.1757,0.0,612.6045,6.86
3uri,5.2385782451,-41.4725734907,-0.1036714766,28.5,65.0,22.5,17.0,-0.0105402513,-5.3006755085,20.0,-114.429361718,2.73,105.1789,61.9812,50.1029,182.4147,271.5017,405.6312,264.4388,0.0,1343.9794,9.0
4k77,5.5477442801,-14.7874664658,-0.1211578782,2.0,18.0,2.0,7.0,-0.0229215625,-1.3327366602,2.0,-23.9021286065,0.6122,18.2004,4.7138,27.3057,96.6275,153.3115,266.0951,75.5406,0.0,642.4068,6.63
3pww,8.0036448377,-24.188732489099998,-0.14609653820000001,13.5,49.0,11.5,25.0,-0.0354349019,-6.2821804822,10.0,-91.6657342847,3.0947,68.1595,74.0233,42.983999999999995,133.9981,274.0394,451.8643,147.5855,0.0,1195.7488,7.32
4ty7,7.0578094827,-16.994083112000002,-0.10367881150000001,8.0,35.0,7.0,19.0,-0.0208971301,-5.365992793,8.0,-74.535860169,63.1663,5.4903,66.38600000000001,31.3066,109.43299999999999,188.2722,226.8092,143.5345,24.9157,859.3138,9.52
1y6r,6.853855253300001,-28.7559473372,-0.3202930783,4.5,20.0,4.5,1.0,-0.1210918641,-6.468802342899999,4.0,-110.496351663,25.549,22.7282,106.9685,33.7948,84.2198,113.7048,74.4301,214.8879,0.0,676.2831,10.11
3wtj,4.6394929526999995,-12.896697948499998,0.0015916733,3.0,16.0,3.0,4.0,-0.0017237015,-1.0648881169,3.0,-60.2650420545,0.0,0.0,14.5894,18.6623,146.1087,177.9084,60.3448,173.9674,68.5601,660.1411,6.53
2brb,5.7811261283,-14.207297880499999,-0.0494225562,4.5,25.0,4.5,14.0,-0.0099387895,-0.5650366866,8.0,-28.7078670677,10.0781,14.2415,28.8043,8.0659,56.9659,184.2984,170.8842,201.4078,0.0,674.7461,4.86
4j3l,7.885501603400001,-15.549034463,-0.046767322400000005,5.0,26.0,5.0,14.0,-0.018461943300000002,-2.20047,8.0,-40.2385572496,0.0,5.1766,12.434000000000001,28.7588,70.6034,309.1154,162.9131,85.5725,54.576,729.1498,7.8
4twp,6.0981038318,-9.9284619608,-0.18206688780000002,5.0,28.0,5.0,14.0,-0.038698932400000004,-2.4259668306999997,6.0,-50.294719819399994,19.3938,11.6367,6.8412,50.5026,128.7488,334.7936,218.7489,116.3266,0.0,886.9922,10.0
3gc5,6.4420739673,-25.331165168800002,0.8016238861,4.0,20.0,4.0,4.0,0.1402946323,-6.8934050341,6.0,-103.71156182899999,27.8139,43.1368,77.9169,51.3593,85.9214,138.3314,93.2594,119.4169,0.0,637.156,7.26
2zcq,5.9466528165999994,-21.959979114699998,-1.5314611059,8.0,25.0,7.0,13.0,-0.3133175884,-5.4802045209,10.0,-53.520359452799994,39.2578,107.3603,24.877,8.7968,64.3747,285.9329,155.9922,53.8956,0.0,740.4873,8.82
3arp,6.2030369112,-7.715192560299999,-0.1120405975,12.0,34.0,12.0,22.0,-0.0181612124,-0.0,14.0,-21.1641497996,33.9967,8.9795,52.8877,25.1827,3.6308,408.1978,286.9991,33.1477,0.0,853.0219999999999,7.15
3g2z,2.9155787406,-6.2622735636,0.4109084329,2.0,13.0,2.0,4.0,0.0731362879,-3.9487580848,2.0,-46.497772159899995,0.0912,0.0,49.5028,34.2874,76.2075,31.7519,73.8522,35.1878,0.0,300.8808,2.36
3tsk,5.8238665906,-16.2552019605,-0.3190388104,15.0,40.0,13.0,20.0,-0.0546743446,-2.4301550586,12.0,-55.785097846599996,3.0577,15.6151,14.3322,48.7637,165.3611,319.1184,267.4084,143.1675,0.0,976.8241,7.17
3g2n,6.4195851639,-28.481592737600003,-0.8620561272,5.0,20.0,5.0,6.0,-0.18099599239999997,-6.5261906005,4.0,-79.22919862260001,1.1018,23.7631,112.3769,68.467,77.7046,143.1036,110.6937,179.0918,0.0,716.3025,4.09
3k5v,6.208325374099999,-16.262830256500003,-0.0236770572,6.0,27.0,6.0,14.0,-0.0043569306,-0.08685255089999999,8.0,-26.366442294400002,0.0,5.8121,47.688,5.571000000000001,56.1994,194.0434,154.0688,49.8836,109.0277,622.294,6.3
3qqs,5.5372480382,-23.522466847600004,-0.4172751261,4.0,19.0,4.0,10.0,-0.08436601980000001,-3.5344462583,4.0,-28.018305783800002,37.3801,56.7892,3.0996,28.3624,7.3868,246.6963,86.90299999999999,84.48,0.0,551.0974,5.82
4ciw,5.524133237000001,-25.630282390799998,-0.9213881333,5.0,15.0,5.0,4.0,-0.2140470518,-7.9478849279,6.0,-81.7132872009,10.885,54.2789,107.5365,23.2153,18.4876,32.3841,121.0869,117.9216,0.0,485.7959,4.82
3zdg,3.5732185397000005,-11.1808961358,0.1675731254,5.0,13.0,5.0,2.0,0.0379801122,-0.6756249739,6.0,-58.2175854034,1.0141,0.0,18.4039,11.0419,83.0018,69.8788,129.4576,286.4037,0.0,599.2018,7.1
3e93,9.7831502569,-11.4802334048,-0.0059192643,5.0,37.0,5.0,19.0,-0.0097774217,-2.9125640967,6.0,-63.2141192834,7.8416,11.4315,8.3519,16.9974,103.6321,297.6368,370.4135,220.7644,0.0,1037.0692,8.85
3arv,7.0066852297,-14.842976989,-0.0219093463,0.0,25.0,0.0,11.0,-0.0037554688,-0.4958612447,0.0,-25.566256048699998,23.0837,15.1702,0.0,13.4929,9.6359,247.3516,55.7621,63.4294,0.0,427.9258,5.64
1s38,5.809937615499999,-18.298213662200002,0.35440036329999997,0.5,13.0,0.5,6.0,0.060043491399999996,-4.0675761299,1.0,-45.9349286084,0.0,31.9747,56.0647,31.8593,54.4752,170.7528,88.164,39.4546,0.0,472.7453,5.15
1yc1,6.9220991628999995,-25.4037073298,-0.7775507443,5.0,27.0,5.0,11.0,-0.1455170811,-3.0850516051,4.0,-65.1246480213,17.7454,38.7278,58.8555,59.4467,57.7056,150.975,215.2642,88.15799999999999,0.0,686.8782,6.17
4dld,5.2753921082,-32.8897062698,-1.5416639518000002,7.5,21.0,7.5,8.0,-0.33581372670000004,-9.5106807266,6.0,-85.8888477286,38.1398,105.395,63.5128,15.8504,69.9935,76.8152,122.3552,118.1699,57.0701,667.3019,5.82
4ddh,4.2430562775,-22.949794530100004,-0.4707245424,3.0,15.0,3.0,6.0,-0.09727544380000001,-2.4728955209,4.0,-68.78153576529999,12.7441,59.9204,4.2173,9.3011,44.8153,144.7038,55.63,142.4955,0.0,473.8275,3.3
3dd0,3.6656749542,-7.434522611799999,-0.2638510228,3.5,16.0,3.5,4.0,-0.05353010019999999,-2.0093298409,4.0,-47.3100829953,0.0,0.0,69.6923,21.4987,111.6365,130.9184,119.7499,38.8206,0.0,492.3164,9.0
3zso,5.8889271536,-27.716650686399998,-0.329410359,13.0,44.0,11.0,22.0,-0.0797083583,-4.3525149901999995,10.0,-65.43118082720001,0.0,28.7454,24.3355,42.771,72.7546,267.9665,188.917,240.1855,0.0,865.6755,5.12
4ivb,7.1833389613,-16.0864039068,-0.2261789764,2.5,23.0,2.5,8.0,-0.0547256889,-2.5054331373,3.0,-54.9312274678,3.3027,20.4963,19.7792,27.971,125.4474,144.1178,283.0033,115.8347,0.0,739.9524,8.72
2al5,6.2683101863,-32.177846889899996,-0.5978310245,3.5,15.0,3.5,1.0,-0.11195991359999999,-9.441615308200001,3.0,-103.391378774,32.6787,32.4966,30.9592,27.4213,51.8104,117.6266,51.8241,105.5779,24.781999999999996,475.1768,8.4
3mss,4.3647496034,-1.3087662070000001,-0.0241098163,6.5,21.0,6.5,12.0,-0.0019730881,-0.0,6.0,-8.531581600099999,1.6926,0.0,0.8826,2.4722,18.4476,251.4138,149.0993,62.5625,0.0,486.5706,4.66
2hb1,4.0848864939,-29.1158928849,-1.1286797422,4.0,14.0,4.0,1.0,-0.21041627629999998,-4.0939304256,6.0,-56.2562551481,18.3457,87.9228,12.0031,14.0509,23.322,122.7997,46.71,102.244,0.0,427.3982,3.8
3n86,8.0142217635,-31.281096685700003,-1.0014852413,6.5,23.0,6.5,10.0,-0.22518143,-8.32731197,8.0,-92.34207807879999,11.314,60.13399999999999,85.8889,37.2613,50.2432,204.7977,196.4912,111.242,0.0,757.3723,5.64
3arq,6.4261939088,-18.7840994429,-0.121979387,5.5,36.0,5.5,15.0,-0.0322955647,-1.8607981159,6.0,-37.8666853064,58.5212,23.2755,33.6411,14.0652,73.7141,246.8896,127.4652,63.8547,0.0,641.4266,6.4
1q8t,4.7316266316,-8.1834525763,0.1693481712,3.5,18.0,3.5,9.0,0.027065781,-1.5238108052000001,4.0,-24.2600570567,23.9777,28.3001,9.4939,11.5293,73.1111,153.0338,252.81099999999998,50.6764,0.0,602.9333,4.76
4cra,6.9853773452,-26.1703144033,-0.40141707229999996,8.0,38.0,7.0,20.0,-0.099167848,-4.5749751723,8.0,-89.8544467438,0.1975,6.7339,85.0794,41.0848,138.749,343.2448,138.6081,146.6152,0.0,900.3127,7.22
2xj7,6.049048020599999,-21.0247133506,-0.11933148810000001,2.5,16.0,2.5,2.0,-0.048050929900000004,-5.2715999649,2.0,-74.9596486863,4.0605,29.3844,80.816,35.3086,21.7905,47.6201,143.5744,134.7847,0.0,497.3392,6.66
4e6q,6.5446525438,-21.1812621213,0.234276706,3.0,25.0,3.0,10.0,0.0394837667,-1.2392680295,4.0,-44.674051963500006,25.9196,21.0022,0.0,35.5993,90.861,290.7717,191.1045,172.4447,0.0,827.703,8.36
2xbv,8.058458545399999,-34.8031763026,0.10350277390000001,7.0,36.0,7.0,14.0,0.0198262347,-2.1410719798,6.0,-99.37502958540001,10.0038,20.7716,16.2351,61.5193,148.27200000000002,396.8808,125.1398,222.2565,72.2654,1073.3443,8.43
1owh,5.33834022,-17.6713437686,-0.5212986779,5.0,24.0,5.0,15.0,-0.123152971,-4.9155345793,8.0,-50.6307462582,47.3374,104.8099,77.5198,56.0115,93.4775,244.4705,55.9548,125.7616,0.0,805.3430000000001,7.4
4jfs,4.518005004,-16.7098043927,0.146477953,3.0,17.0,3.0,6.0,0.0326843144,-4.0980159649,4.0,-53.5680656424,12.1078,41.431999999999995,53.4214,20.1156,16.6845,134.6153,56.5042,93.7987,0.0,428.6795,5.27
3prs,6.3393927022000005,-29.6825359146,-0.6005962818,18.5,50.0,15.5,21.0,-0.1430965641,-6.2687136058,14.0,-103.59036727600001,0.0,85.8699,82.9615,42.1287,187.2278,357.7863,428.0553,154.9021,0.0,1338.9316,7.82
3g31,2.2612176418,-1.7657231421000001,0.0125646837,2.0,17.0,2.0,8.0,0.0024425217000000003,-0.122859575,2.0,-8.5090341175,19.494,5.2757,17.7685,0.8221,27.5345,21.1517,188.6937,22.980999999999998,0.0,303.7212,2.89
4rfm,8.1334872375,-15.086715715999999,-0.1767050759,5.0,36.0,4.0,17.0,-0.032566956,-1.1468776291,4.0,-62.0808992381,3.2938,0.0,10.5085,49.1565,86.1751,223.7282,260.7027,108.1851,0.0,741.7499,10.05
4kzq,7.926870439400001,-13.719483021099999,-0.0112003923,1.5,18.0,1.5,11.0,-0.0055598542,-1.2634291901,2.0,-33.422579419899996,0.0,7.6869,24.6284,8.0472,50.7786,381.9413,82.7629,33.6616,0.0,589.5069,6.1
1r5y,5.0581983843,-17.7818293673,0.13427267939999998,1.0,13.0,1.0,4.0,0.0179851748,-5.9107484811,2.0,-61.077052159,0.0,27.2315,100.8044,32.3572,61.606,158.1351,36.3999,34.5024,0.0,451.0365,6.46
3nq9,2.0324201061,1.5720671122999998,-0.18599839420000003,6.0,10.0,6.0,7.0,-0.0244912311,-0.0,8.0,-3.6660270294,0.0,35.7962,0.0,0.1095,20.8559,22.6165,379.714,43.8468,0.0,502.9389,4.03
3lka,3.863805273,-10.3035760817,-0.1168229523,2.5,12.0,2.5,4.0,-0.0241098163,-1.3269420892000001,4.0,-42.2439482492,0.0,5.9892,28.3686,6.2117,94.5548,131.0072,58.4864,90.50200000000001,0.0,415.1199,2.82
2fxs,3.935247199,-17.8996718707,-0.4639104203,9.0,28.0,9.0,8.0,-0.09030728880000001,-2.9689768126,8.0,-67.0535506837,48.5979,13.3477,82.7155,48.4963,54.6794,120.111,155.2794,143.0131,49.6202,715.8605,6.06
1vso,4.1786265159,-20.5217005784,-0.7740813366,7.5,21.0,7.5,6.0,-0.14913318679999998,-6.7660565002999995,6.0,-58.9081515686,44.9711,105.4784,56.8092,7.3769,20.6176,35.1711,162.3489,66.8801,0.0,499.6533,4.72
3l7b,6.1088347905,-33.9518217945,-0.8862099529,4.0,19.0,4.0,2.0,-0.1759422463,-5.2251700479,4.0,-94.8727579419,21.8562,49.8115,94.1096,90.7416,119.9789,92.0483,134.3992,211.7665,24.1735,838.8853,2.4
2qe4,6.697379831599999,-3.1727183299,-0.0703783655,4.0,24.0,4.0,14.0,-0.0352515294,-2.3932971861000003,4.0,-32.725565877600005,7.3139,8.6173,53.7027,6.782,26.103,248.5706,298.3802,168.3752,0.0,817.8449,7.96
3o9i,7.0418780799,-24.9122470251,-0.40062490310000004,14.5,42.0,11.5,17.0,-0.10937069390000001,-5.4383735862,10.0,-113.060977444,25.6506,51.4251,25.9275,32.9182,166.222,227.3418,410.8671,217.3977,0.0,1157.75,11.82
1u1b,5.508832635599999,-54.1607182275,-1.1668945712,14.5,51.0,14.5,3.0,-0.22694914089999998,-6.838385949199999,14.0,-136.262711119,36.5306,100.5058,55.097,60.1102,171.7592,201.7505,129.13299999999998,112.8782,0.0,867.7645,7.8
2qbq,5.879039708400001,-29.369834457800003,-1.2837101886,7.0,31.0,7.0,15.0,-0.23104201510000003,-4.4840957613,8.0,-59.0601233617,32.8945,66.539,12.6148,37.1787,58.0085,171.731,224.8436,147.4699,3.1386,754.4186,7.44
5c28,4.2065724849,-3.9444084891,-0.0904759915,1.5,12.0,1.5,6.0,-0.013642913999999999,-0.4671817857,2.0,-4.8434911915,0.0,0.0,42.3824,20.3876,44.5855,88.0079,243.7509,11.6201,62.0237,512.7581,5.66
4m0y,5.3161374777,-14.585250607699999,-0.17907424859999999,3.0,22.0,3.0,9.0,-0.038361527,-2.9613118420999998,2.0,-43.1269528508,19.8757,0.0,26.0569,88.1135,60.4341,194.1088,107.4875,100.8406,0.0,596.9171,6.46
2weg,3.3189542312,-6.9511086924,-0.2775452811,1.5,11.0,1.5,5.0,-0.058693869800000006,-1.5343583913999999,2.0,-37.0981418193,0.0,0.0,62.9802,18.1208,61.9764,142.0174,62.6707,20.9987,0.0,368.7642,6.5
1syi,6.4429468203999996,-27.9233995127,-0.5834619554,3.5,17.0,3.5,4.0,-0.1071995635,-9.2853305939,3.0,-91.6584433941,36.5794,62.1685,35.5459,27.057,52.3077,76.2531,176.6098,94.1962,0.0,560.7176,5.44
3ui7,5.8256196316999995,-7.1540727102999995,0.0764956721,3.0,24.0,3.0,8.0,0.0048997132,-1.1351124495,4.0,-20.9249733804,0.0,0.0,23.747,44.9719,74.9212,184.7539,248.7864,154.5457,0.0,731.7261,9.0
5aba,3.8043852481,-9.7562311739,0.1461992268,4.0,23.0,4.0,9.0,0.0332417668,-0.0404519735,6.0,-35.6275383787,0.0,0.8499,45.2071,2.887,46.601000000000006,97.9082,76.1674,123.9851,76.2412,469.8469,2.98
3udh,5.2178571526,-9.6335182969,0.2557386234,0.0,14.0,0.0,7.0,0.06150313650000001,-2.9537715649000003,0.0,-32.0294105186,20.8494,22.3551,6.8865,17.6842,38.2436,155.2787,65.7777,80.4215,0.0,407.4967,2.85
3kwa,1.8678836293,-4.5169561133,0.4471575087,12.0,14.0,12.0,4.0,0.07920225019999999,-1.9627605608,14.0,-40.7937358306,83.7858,0.0,32.2127,31.2511,22.1071,32.667,205.8964,146.7598,0.0,554.6799,4.08
4gr0,7.209707926799999,-26.7363119618,-0.5971562136999999,12.0,44.0,11.0,22.0,-0.1461772221,-3.2486638845,10.0,-98.30718550379999,0.0,57.2044,13.117,35.4287,221.24099999999999,317.58,248.7861,154.8894,69.6176,1117.8642,9.55
1nc3,6.8642854811000005,-32.428949856500005,-0.6985318666,3.5,19.0,3.5,0.0,-0.19306923780000002,-8.5498014917,4.0,-124.067280955,13.0872,17.6719,138.9268,52.1306,93.8064,66.923,110.9329,222.8393,0.0,716.3181,5.0
3fcq,2.8666916320999998,-17.011386141099997,-0.7196783833,3.0,14.0,3.0,7.0,-0.1753187798,-2.0831629443,4.0,-51.84617586270001,9.757,55.5946,3.633,3.4734,73.1053,77.6165,204.2033,44.8227,0.0,472.2058,2.77
2vvn,4.9339818528,-20.9378314601,-0.6242073249,4.5,16.0,4.5,1.0,-0.1448569401,-4.3823240238,4.0,-79.685766808,4.204,27.5193,88.4826,19.6876,50.4612,45.0138,116.4374,168.4322,0.0,520.2381,7.3
5c2h,7.0535919152,-10.6084291955,-0.051388309400000005,8.0,31.0,8.0,14.0,-0.0070781785,-1.0809735526,10.0,-35.1598651547,0.0,4.973,39.8461,27.1166,94.5224,295.9777,337.7456,130.474,61.7627,992.4181,11.09
4w9i,5.9784642779,-13.859740978900001,-0.230462558,6.0,33.0,6.0,10.0,-0.0512856208,-3.0534895304000003,8.0,-62.1053904692,3.8739,0.0,60.3625,16.1828,95.9988,244.6043,147.0083,111.15799999999999,0.0,679.1886,5.96
2qbp,6.553872513099999,-35.4928329402,-1.2092536187,9.0,37.0,9.0,14.0,-0.22050909870000002,-4.9296689316,8.0,-77.398451592,44.0316,73.7484,15.821,36.6355,134.6844,286.4927,156.2769,217.0104,2.1316,966.8325,8.4
3f3d,3.8475291299000003,-15.2673669681,-0.6782435332,4.5,9.0,4.5,1.0,-0.1400012363,-4.991986242,6.0,-74.7694840689,35.0586,59.776,0.0,0.0,27.5476,0.0,28.23,114.1137,0.0,264.7259,7.16
4de2,5.7632876515,-17.9259161429,0.1273852083,5.0,24.0,5.0,11.0,0.0043055863,-5.5858124111,6.0,-66.19758985840001,4.1643,14.9263,43.7698,72.3887,98.2132,188.1153,60.0873,127.5055,0.0,609.1704,4.12
3p5o,6.3249796237,-6.572935918200001,-0.0697475641,5.0,30.0,5.0,13.0,-0.0119192125,-0.8709900354000001,6.0,-17.9076229023,0.0,4.678,4.1154,32.4535,89.2114,214.6512,265.1605,73.3757,29.9598,713.6055,7.26
3cj4,5.0117464626,-8.1283234679,-0.31624421350000004,5.0,25.0,5.0,12.0,-0.0769724406,-3.0022479189999998,8.0,-37.7039752197,22.5693,28.9423,12.0474,17.9798,25.9708,118.3946,198.1589,102.1749,26.1757,552.4137,6.51
2yge,6.6039038660000005,-21.684069516300003,-0.416989065,5.5,40.0,5.5,16.0,-0.0944881818,-2.7299837658999997,4.0,-76.8301802145,15.8824,35.1752,7.0031,112.7368,142.8347,17.9721,362.1744,219.6009,0.0,913.3796,5.06
3fv1,7.0751051769,-40.1114801071,-1.0388932312999999,6.0,21.0,6.0,2.0,-0.20916934329999998,-11.042266525799999,6.0,-128.442013357,43.7504,113.2097,57.0667,13.0496,17.022000000000002,27.7266,96.9337,241.9114,0.0,610.6701,9.3
2wer,6.3231312288999995,-15.6638476527,-0.294056141,1.0,25.0,1.0,11.0,-0.0641363656,-2.1092458487,2.0,-51.8809726283,9.8979,14.533,51.2223,35.067,74.7019,78.0735,269.3532,98.1855,45.7491,676.7834,7.05
1w4o,4.0356033008,-30.4724899748,-0.7113826114,4.0,21.0,4.0,1.0,-0.1622186484,-5.6298144762,4.0,-87.62343422020001,21.1508,72.0349,28.9953,39.7907,77.505,99.5472,140.3349,76.1587,0.0,555.5175,5.22
3ozt,7.406745345499999,-34.0746813695,-0.7562648645000001,8.0,31.0,8.0,7.0,-0.1743725777,-8.8480531955,8.0,-129.37620822600002,10.1976,25.6209,115.6736,39.1598,167.5939,284.506,155.7988,182.69799999999998,0.0,981.2486,4.13
3ao4,4.421624418,-19.2746062106,-0.1926364787,1.5,16.0,1.5,5.0,-0.04271112269999999,-1.7459189121,2.0,-78.8456787063,2.9165,25.1325,36.7477,1.9805,42.2988,178.7459,83.0891,141.813,0.0,512.724,2.07
1qkt,6.7502644605999995,5.4207844960000005,-0.2054725537,1.0,20.0,1.0,16.0,-0.053559439800000004,-1.9165800304,2.0,-20.1058337531,8.4196,10.7905,52.5977,5.9255,19.0624,142.3607,344.7962,87.7465,0.0,671.6991,9.04
4ih7,5.1401658918,-4.5115649618,0.042124330700000004,2.0,17.0,2.0,13.0,0.0030953278000000004,-0.6915930512,2.0,-24.5573772282,7.4301,0.0,42.1286,14.9398,57.7704,105.147,258.2593,136.5806,0.0,622.2558,5.24
4kzu,8.8088848295,-8.7807334833,0.008347116199999999,0.0,18.0,0.0,12.0,-0.0015916733,-1.3247929635,0.0,-34.1846755299,0.1388,8.8282,14.3358,9.1508,50.1154,357.44699999999995,79.8843,32.9152,32.4953,585.3108,6.5
3b27,4.9244244781,-11.8841370082,0.3440581543,2.5,16.0,2.5,6.0,0.0551951225,-1.1273887998,2.0,-45.5167146151,64.9998,8.2066,14.0645,21.3507,71.6517,94.0228,125.2237,119.6018,54.4525,573.5741,5.16
1g2k,8.4216534538,-28.250778104400002,-0.4080478219,12.0,45.0,12.0,22.0,-0.1209231614,-7.155899100399999,6.0,-80.5244539438,55.8859,49.073,42.4586,37.3806,149.0167,493.504,311.4293,213.3445,0.0,1352.0926,7.96
4jsz,2.6161681226,-7.7541702189,-0.1339206042,1.5,10.0,1.5,5.0,-0.029288255699999998,-0.5893152056000001,2.0,-36.908043215999996,4.5136,15.2427,51.4106,3.5242,73.4646,83.6485,37.2658,34.7922,0.0,303.8622,2.3
4f9w,7.5177370523,-7.300836724400001,-0.0893684216,3.0,25.0,3.0,15.0,-0.0149705309,-1.6394455037,2.0,-26.5532548625,20.1601,10.7159,0.0,5.5829,69.2488,316.5293,179.8993,71.4466,0.0,673.5829,6.94
4j21,8.5593295268,-13.632234385599999,-0.0858109951,1.5,20.0,1.5,13.0,-0.0233029773,-2.0211903741999997,2.0,-37.915491730999996,0.0,6.2976,23.0208,21.0684,60.3083,282.9418,137.247,47.6881,54.7533,633.3253,7.41
4eky,5.975449633999999,-35.869032626300005,-0.8435501745,8.0,24.0,8.0,6.0,-0.1910668101,-9.3576820475,10.0,-115.05174265299999,34.5483,73.5317,118.527,115.3465,140.9966,91.0765,316.2316,192.0052,0.0,1082.2634,3.52
1oyt,7.7752433866,-21.520281199299998,-0.0922437024,4.5,30.0,4.5,16.0,-0.0522905021,-4.0065937713,6.0,-60.0457725539,76.418,16.0297,41.0911,14.3967,81.7587,286.3601,139.1597,171.8881,23.3719,850.4739999999999,7.24
2wbg,5.2667075866,-21.726289200700002,-0.7281208532,9.0,22.0,9.0,7.0,-0.1933552989,-8.101463064099999,14.0,-85.24237164729999,0.0,39.9755,96.4789,21.3575,19.5855,136.4799,111.4521,161.3321,0.0,586.6615,4.45
2wca,4.4872350985,-15.4682625442,-0.5484084683,8.5,27.0,8.5,8.0,-0.1321308886,-4.1098251539,6.0,-52.684965687100004,0.9682,19.2569,91.4039,25.2131,64.1624,133.7732,171.9579,115.664,0.0,622.3996,5.6
4cig,5.580978712,-23.7429539416,-0.3750627766,10.0,37.0,10.0,20.0,-0.0812120128,-3.8015026324,10.0,-52.659755635799996,0.1471,28.4052,13.6611,27.7472,53.2675,224.2398,134.3427,231.0409,0.0,712.8515,3.67
4gfm,5.3740245085,-14.692992953800001,-0.0754247767,2.0,18.0,2.0,8.0,-0.0135475603,-0.5789216522999999,2.0,-25.163115274899997,1.1556,14.8196,0.0,18.4025,84.1867,90.619,198.8075,154.809,105.1728,667.9727,7.22
2qnq,6.5130464597,-19.4005097691,0.34001662439999997,10.0,41.0,8.0,22.0,0.08446137349999999,-3.6728998307,6.0,-57.607937855,40.0322,45.6455,1.2816,24.7981,126.0289,387.6188,261.0557,131.1171,69.0793,1086.6572,6.11
1mq6,7.1021562881,-32.5302228208,-0.2422937517,7.0,36.0,7.0,9.0,-0.037862753799999996,-2.2647750683,10.0,-112.813299875,5.2413,20.8611,23.0073,54.6501,187.0947,284.3169,101.1216,265.5107,152.4897,1094.2934,11.15
4de3,6.0995047977,-15.117448947,-0.2450370043,3.0,21.0,3.0,11.0,-0.0537868217,-6.1314849617,4.0,-65.6635137847,4.1537,12.344000000000001,59.2931,51.5985,83.0445,185.4043,29.3952,83.4118,23.6035,532.2486,5.52
2wn9,5.1506181243,-7.9965666592,-0.1788175271,3.5,22.0,3.5,11.0,-0.0480069205,-1.8179843046000002,4.0,-39.3228903383,0.0,9.0132,82.4955,22.5443,56.4711,236.4534,134.0774,117.9929,0.0,659.0478,8.52
3ag9,3.9725011561000003,-37.7353172474,-0.3538869203,34.0,67.0,31.0,15.0,-0.0637769555,-7.1637987877,26.0,-100.75248713100001,145.8264,75.2488,85.4067,35.2143,88.4394,129.5425,327.97,288.0836,0.0,1175.7317,8.05
4agq,4.651426835,-12.3684677901,0.1655780326,9.5,30.0,8.5,16.0,0.0330437245,-0.4609764603,8.0,-49.6918643884,0.1478,1.226,55.1321,4.3066,52.8919,157.0775,177.0755,190.7477,0.0,638.6051,5.01
1z9g,3.5714141543,-12.9284580655,-0.45631879880000004,6.5,17.0,5.5,8.0,-0.091979646,-2.4015782882,6.0,-57.685702464799995,15.5462,31.441999999999997,48.7269,23.1808,73.4378,166.4664,134.0056,81.6444,0.0,574.4501,5.64
4w9c,5.3674671079000005,-13.1092046713,-0.14453420449999999,6.5,28.0,6.5,12.0,-0.03740799,-3.0411815682,6.0,-54.4301217696,2.7398,0.0,54.9882,19.7168,62.3985,256.8005,155.467,94.3043,0.0,646.4151,4.65
3ueu,3.4348896606,9.1337622203,-0.1217886796,10.0,14.0,10.0,11.0,-0.013642913999999999,-0.0,12.0,-0.028386063,0.0,22.508000000000003,0.0,0.0053,17.563,28.138,539.6829,24.1876,0.0,632.0848,5.24
3b1m,7.5395070355,-8.9038057704,-0.1375000354,7.0,38.0,7.0,20.0,-0.0185279574,-0.0,8.0,-37.0217415009,0.7187,0.0,94.037,7.9235,61.0069,291.057,395.6817,198.852,0.0,1049.2768,8.48
3gv9,3.0549271707999996,-15.1050603009,-0.6498501353,2.0,12.0,2.0,2.0,-0.1390403644,-3.4315229415,2.0,-41.2175610224,0.9639,37.2822,16.2616,29.316,69.6969,77.0965,112.353,50.6196,0.0,393.5897,2.12
3uuo,5.804810520399999,-5.391488905399999,0.024740617700000002,2.0,23.0,2.0,7.0,-0.0015770035,-1.1795766133,2.0,-11.7898395338,0.6908,0.0,26.2556,45.9583,81.1,183.7184,248.308,126.8011,0.0,712.8322,7.96
4gkm,5.3433939661,-22.7122317889,-0.1757221993,4.0,20.0,4.0,11.0,-0.0450069464,-4.2594644488,4.0,-34.071336655100005,36.4908,50.2528,5.6906,27.0047,7.1427,197.1416,145.998,89.3676,0.0,559.0888,5.17
4ih5,3.8610033412,-12.4525990931,-0.1013316435,3.0,17.0,3.0,6.0,-0.0247112781,-0.5827211305,3.0,-43.7571967984,12.212,0.0,47.6456,41.9064,82.1773,203.5261,64.3071,116.5389,0.0,568.3134,4.11
2yki,11.8192671526,-20.1121417671,-0.2136289625,2.0,34.0,2.0,17.0,-0.0578210167,-2.971514688,2.0,-76.054697912,0.0,9.6184,25.8866,64.4321,99.6542,555.4947,186.2841,80.0774,0.0,1021.4475,9.46
4mme,6.7540566039,-16.6655456061,-0.2993592737,1.5,20.0,1.5,12.0,-0.06416570519999999,-1.7760140068,2.0,-52.7983852458,0.0,20.9636,43.5046,0.9979,30.0357,275.7588,49.0266,155.4829,66.8186,642.5887,6.5
1gpk,7.431955396799999,-7.1970112149,-0.0774418742,0.5,18.0,0.5,12.0,-0.016070765900000002,-1.9797921986000002,1.0,-29.9812643869,18.3131,13.1968,49.9555,30.5072,48.431999999999995,207.8192,256.6407,61.0407,0.0,685.9052,5.37
4ea2,5.565333370299999,3.9794839808999996,0.4182580027,9.0,24.0,9.0,18.0,0.0700776346,-0.7558834497,12.0,-17.9902578857,25.1351,8.4051,13.9499,5.4569,34.5914,112.554,597.5458,133.2075,0.0,930.8457,6.44
3f3c,5.4843927488,-20.6372839326,-0.6049678822,3.5,13.0,3.5,7.0,-0.1347567828,-5.0430371460000005,4.0,-63.0155048612,34.6315,58.9662,0.0,0.0,0.0,152.7622,26.2994,19.9673,0.0,292.6266,6.02
4de1,5.733639985700001,-17.3513514212,-0.203470126,3.0,23.0,3.0,10.0,-0.058327124800000005,-5.832507102799999,4.0,-80.6600469052,4.4566,18.7654,44.0485,77.1077,119.9575,208.3803,43.5494,66.705,0.0,582.9704,5.96
2cbv,4.7809098247,-16.1454865263,-0.4764604342,2.0,12.0,2.0,2.0,-0.12630697800000001,-9.6869530434,2.0,-72.1233162053,18.1406,38.4557,107.1407,14.4112,6.936,54.8691,48.7598,67.4155,0.0,356.1286,5.48
1o3f,5.6089026763,-19.4254264244,-0.6398820062,4.0,25.0,4.0,17.0,-0.1644704627,-5.837348136799999,4.0,-66.2139246807,38.725,12.8006,82.2895,35.4775,119.8231,238.5876,44.7367,121.1591,0.0,693.5991,7.96
3gbb,6.0812042222,-31.0858489826,-1.1161223934,4.5,18.0,4.5,4.0,-0.22847480010000001,-7.7490797983,6.0,-91.95585158440001,34.797,114.2869,35.2156,8.9271,12.8816,27.5725,160.8886,159.6444,0.0,554.2137,6.9
4qac,7.6706990569,-15.3889649403,0.2551004871,3.5,24.0,3.5,14.0,0.038933649199999996,-1.6046193985,4.0,-34.0312587615,0.0,1.5285,68.8923,13.6488,79.329,252.8763,186.9193,143.0129,56.2038,802.4109,9.4
2p15,10.0861403061,5.1470093535000006,-0.23270703739999998,4.0,32.0,4.0,27.0,-0.061319764000000006,-2.5051764158000003,6.0,-22.954613559400002,8.8969,9.5806,48.9227,10.5445,20.1237,291.7651,432.9042,112.4639,0.0,935.2016,10.3
4jia,6.5715936315,-16.0883549902,0.1621673041,5.0,31.0,5.0,12.0,0.0292735859,-0.8133743959,6.0,-38.7051597301,17.1104,5.9517,18.8128,29.3934,47.4334,265.8474,133.1243,124.3031,0.0,641.9765,9.22
3jvr,5.1706790758,-11.6416012048,-0.0807059047,4.0,23.0,4.0,10.0,-0.0201269656,-2.0162319818,4.0,-45.6363394992,0.0,10.1614,6.0661,28.7496,58.0108,167.3082,106.564,66.1503,109.936,552.9464,5.72
2cet,5.7497400912,-24.087789595300002,-0.7735458889,6.0,22.0,6.0,8.0,-0.20789307070000002,-7.8639883417,6.0,-87.44291499629999,0.0,40.2802,99.9237,15.4956,19.9886,206.1533,81.9759,99.5926,0.0,563.4099,8.02
2wnc,5.551529088500001,-7.3066973095000005,0.23566300210000002,3.0,21.0,3.0,10.0,0.0410167608,-0.5252155145,4.0,-36.1331623753,0.0,0.0,27.7463,17.0182,63.3137,187.5725,148.6675,158.3386,0.0,602.6568,6.32
2r9w,5.6332545443,-25.299096986,-1.0045512295,5.0,29.0,4.0,17.0,-0.1982110027,-3.8069597980000003,4.0,-53.247838578199996,0.0318,63.2843,15.5437,70.0186,43.3289,199.2111,112.2213,70.9608,0.0,574.6005,5.1
3fv2,7.0950194304,-39.3261910433,-1.5871550016,5.5,20.0,5.5,2.0,-0.3263150312,-10.7909288424,6.0,-120.210993954,35.4898,112.4987,77.7396,14.3181,17.2618,26.5768,98.45700000000001,206.2443,0.0,588.5861,8.11
3g0w,8.0162095214,-12.6502233038,-0.0083764558,2.5,24.0,2.5,10.0,-0.0077089799,-1.9891075216,2.0,-54.3453229907,9.5719,0.0,44.8791,0.7778,94.9788,123.1565,211.3287,249.0065,51.1943,784.8936,9.52
1o5b,4.1807756416,-12.482217419300001,-0.4483677672,1.5,13.0,1.5,6.0,-0.1084538314,-2.9514977459,2.0,-70.10280797680001,39.5934,13.7939,57.0591,14.6186,85.32700000000001,137.1934,54.8399,101.72200000000001,0.0,504.1473,5.77
2br1,5.739148495599999,-19.4269667534,-0.09121681640000001,6.5,29.0,6.5,12.0,-0.0137089281,-0.7184021106999999,8.0,-46.866174847299995,3.065,18.5668,29.76,9.5683,70.9096,242.1345,161.2016,164.8006,0.0,700.0064,5.14
4bkt,4.4542280485,-11.034674904300001,-0.2109737287,3.5,19.0,3.5,4.0,-0.0479262366,-3.1298678441,4.0,-49.2865011399,0.0,0.0,58.7455,26.7444,72.4641,117.8087,93.2209,88.1123,0.0,457.0959,3.62
3dx1,3.8144267262000002,-12.860551561300001,-0.45964884340000006,2.0,9.0,2.0,1.0,-0.1227568864,-9.6593591496,2.0,-67.96122988890001,46.5126,17.187,86.8401,0.0535,22.0719,32.0464,28.1963,76.1822,0.0,309.09,3.58
3oe5,6.8049461401,-30.352909100100003,-0.8141665651000001,9.0,31.0,9.0,7.0,-0.18883700050000002,-9.466752010499999,8.0,-134.051143415,10.6488,25.2328,116.4677,38.7187,176.0647,284.943,160.8712,184.0657,0.0,997.0126,6.88
1nc1,5.5190134768,-29.4919825475,-0.4713993532,4.5,20.0,4.5,2.0,-0.13559296140000002,-5.190013872200001,4.0,-105.046821694,11.443,16.7335,104.5832,13.6238,84.7293,133.6513,66.8945,217.2701,0.0,648.9287,6.12
3zt2,6.8552415494000005,-18.4830017979,-0.32926366100000004,2.0,23.0,2.0,13.0,-0.08200418200000001,-3.147845684,2.0,-49.8235771877,0.0,36.4664,12.6163,22.9507,36.5998,212.5522,158.6854,132.4361,0.0,612.3069,2.84
2xys,7.5463945065999996,-5.6108537597,0.17837743309999998,0.5,25.0,0.5,13.0,0.025789508399999998,-0.7286856405,1.0,-31.2369992669,5.2448,3.9391,52.2626,7.744,72.3633,211.7083,177.1376,152.1779,0.0,682.5776,7.42
3u8k,4.7917801465,-13.0234963648,0.1513263219,3.0,16.0,3.0,3.0,0.0295303074,-1.4776669493,3.0,-57.16967758,17.3468,0.0573,45.7169,12.9922,63.8951,157.499,145.1757,211.507,0.0,654.19,8.66
2vw5,7.2123925002,-12.8791895422,-0.5040176535,4.0,36.0,4.0,20.0,-0.10671546009999999,-3.9145554461,4.0,-66.6152830738,53.4952,30.9886,31.7435,99.7347,102.029,59.8132,448.9439,168.3304,0.0,995.0785,8.52
1ydr,5.5472968512000005,-8.2611731767,0.1641403922,2.0,20.0,2.0,7.0,0.0339312474,-1.3943278155,2.0,-37.7249236941,8.4089,15.2695,14.0671,7.0699,91.3139,199.7483,159.0975,125.7968,0.0,620.7719,5.52
4djv,6.8715030227,-17.8258167626,0.235743686,4.5,28.0,4.5,17.0,0.0467746573,-3.8650962154000004,6.0,-65.2802725946,0.0,21.6609,73.0113,12.6882,68.0908,336.4821,86.1786,162.5686,0.0,760.6805,6.72
2vkm,7.6422616496,-30.657036058800003,-0.17799601829999998,15.5,47.0,14.5,24.0,-0.0170609774,-7.3661026646000005,14.0,-127.22645905899999,23.443,18.4967,92.4922,70.8221,195.3644,457.6473,218.0893,329.4706,0.0,1405.8256,8.74
1qf1,4.9491724307,-17.3793413996,-0.6197330359000001,11.5,26.0,10.5,13.0,-0.13645847960000002,-4.9488056857,12.0,-91.3830545736,15.1866,25.8623,68.0052,53.7922,95.4048,202.0107,259.6884,73.5218,0.0,793.472,7.32
3ge7,7.1263394534,-26.5159055517,0.6525713832,6.5,26.0,6.5,9.0,0.1229475938,-8.4716114577,10.0,-107.03940595799999,10.2699,42.6548,85.4193,65.5235,74.7142,106.3607,247.7489,181.7195,0.0,814.4108,8.7
3u9q,3.1974956221,-1.2361873715,-0.247406177,8.0,12.0,8.0,9.0,-0.0721534113,-1.1931021689,10.0,-18.3798290945,0.0,53.3375,24.4314,7.6129,37.4158,56.6589,350.2172,70.1736,0.0,599.8473,4.38
3f3a,4.9764655936,-19.3728865357,-0.69901597,3.5,15.0,3.5,7.0,-0.14398408699999998,-4.464166838,3.0,-63.546771668199995,36.0846,64.2378,26.1039,44.1826,43.9992,213.9394,79.2158,93.9218,0.0,601.6851,4.19
2yfe,5.4874440672,-7.429644903300001,-0.1935166667,7.5,25.0,7.5,17.0,-0.0345180394,-0.73349,6.0,-25.7475160975,4.4132,23.1814,39.7792,9.4418,24.3023,168.6885,386.4661,170.8917,0.0,827.1642,6.63
5dwr,7.7048503513,-13.4550305365,-0.028481416699999998,4.5,32.0,4.5,17.0,-0.0019364135999999999,-2.20047,6.0,-24.061904733200002,6.0869,22.5256,0.0,50.6919,66.6948,297.9466,319.6176,51.3475,23.0484,837.9593,11.22
2x00,9.5085095962,3.0085045887,-0.0590826195,1.5,37.0,1.5,25.0,-0.006168650899999999,-0.032588960699999996,2.0,-20.1818159822,6.2064,0.0,74.4225,34.3493,91.0018,155.1268,533.1282,137.6321,0.0,1031.8671,11.33
3kgp,3.1381856207,-13.9064056127,-0.1885876139,2.5,11.0,2.5,6.0,-0.025892197000000002,-1.2222290568,4.0,-33.407909619899996,40.4784,36.9026,27.5757,16.3491,55.8817,115.3797,37.7292,114.5145,0.0,444.8109,2.57
4e5w,7.574626536699999,-24.841311207199997,0.330363896,3.0,28.0,3.0,8.0,0.0565740837,-2.4527318808,4.0,-87.0056742724,28.0566,36.4715,0.0,34.84,136.44799999999998,175.9554,285.4032,188.7319,0.0,885.9066,7.66
3up2,6.463073786,-24.783453515999998,0.128507448,7.0,28.0,7.0,13.0,0.0160781008,-3.5964848425,8.0,-40.0894534024,46.4629,33.094,21.0106,12.6818,58.4025,276.8946,177.0596,121.1569,0.0,746.7629,7.4
1uto,3.0675945431000002,-5.7361485215,0.09508230869999999,2.5,9.0,2.5,7.0,0.0176404345,-1.5602505884,3.0,-22.077051453600003,45.4827,5.6631,26.4916,12.3738,45.9477,100.1582,51.9989,89.6413,0.0,377.7573,2.27
3twp,3.2056300262,-12.7152985366,-0.23280972600000002,1.5,10.0,1.5,5.0,-0.0468333365,-1.1671586276,2.0,-14.364198726400002,16.4341,28.5781,14.0341,15.8428,6.1089,125.6145,65.0422,51.81100000000001,0.0,323.4657,3.92
2v7a,7.0025263414,-19.1391526123,-0.0356622838,6.0,35.0,5.0,12.0,-0.0031246674,-2.8398899075,6.0,-50.6807042621,13.9131,9.4115,0.0,46.3789,131.3036,233.7903,182.1673,234.3432,0.0,851.3079,8.3
1h23,7.0921954939,-8.0469794269,0.1075002944,15.0,36.0,15.0,22.0,0.0085378236,-2.8787868822000005,16.0,-48.354829476800006,2.2038,11.9182,83.6455,47.6592,86.2368,361.713,409.8283,134.6971,0.0,1137.9019,8.35
3ejr,5.5735484583,-19.6144688021,-0.2334258576,5.5,25.0,5.5,13.0,-0.0702023279,-9.0943151281,8.0,-83.9319697576,25.8198,17.8261,96.8329,4.1733,56.3752,105.6926,101.7546,152.3812,0.0,560.8557,8.57
4x6p,7.5601767837,-22.791375359899998,-0.1875020487,8.5,40.0,7.5,19.0,-0.0349361287,-4.2579901339,8.0,-103.513952288,1.6117,7.1401,61.722,51.1913,165.804,334.5579,156.1704,122.9588,65.5251,966.6813,8.3
3rr4,5.1164154856,-24.341687158800003,0.6538476557999999,2.0,18.0,2.0,3.0,0.1088792556,-4.8393836475,2.0,-95.9513109775,0.0,14.5368,55.8851,44.8759,82.9003,146.935,52.8288,161.0365,0.0,558.9984,4.55
3ozs,6.9724972608,-40.5329141215,-0.8178340151000001,9.0,33.0,9.0,8.0,-0.1797857339,-7.808133078200001,8.0,-133.05158725299998,10.0379,26.355999999999998,112.2472,36.7043,129.8409,232.2307,158.875,240.005,26.4785,972.7755,5.33
2wtv,7.6896304338,-20.1136820961,0.012528009199999999,4.0,34.0,4.0,18.0,-0.0009168625,-1.4518774409,6.0,-30.3848525896,15.2314,18.9674,22.7975,9.5862,89.1268,298.8349,213.9419,100.796,94.5793,863.8614,8.74
2xb8,7.0958849486,-31.4716720575,-0.7232064702,5.5,22.0,5.5,8.0,-0.1873700205,-8.2970555075,6.0,-97.5973065469,15.3119,54.9915,88.3308,22.264,48.7003,151.2631,131.0884,153.8333,0.0,665.7833,7.59
4k18,6.7870929935,-15.377383133199999,-0.15508912560000002,4.5,29.0,4.5,14.0,-0.0314227116,-1.4095550679,4.0,-38.1854600604,8.8163,13.9456,11.2856,19.2153,56.6891,312.2775,260.2631,91.789,26.2268,800.5083,8.96
4eor,6.3627176842,-17.8679777678,0.08225356860000001,6.5,28.0,6.5,10.0,0.0012322632,-2.8098314873000003,8.0,-42.5786617409,38.9266,16.8488,20.8857,43.7709,96.2842,182.7491,338.69,86.036,0.0,824.1913,6.3
3pxf,4.1711155783,-0.1445048649,-0.0536547935,3.0,21.0,3.0,13.0,-0.0092786485,-0.7771546597,4.0,-9.591423305800001,16.3372,51.9097,2.1606,0.0,13.2938,228.0789,194.747,14.5276,0.0,521.0548,4.43
1ydt,6.1201011969,-13.0137556176,0.09312389039999999,8.0,27.0,8.0,14.0,0.0210731677,-1.8436857941999998,12.0,-48.2143368022,34.2408,19.7236,17.1863,23.0264,102.5085,296.1173,186.3466,172.2292,33.78,885.1587,7.32
3dxg,3.3640491964,-21.9296493032,-0.2250640716,5.0,21.0,5.0,1.0,-0.0520411155,-2.4154559190000002,6.0,-52.016814976300005,13.3537,6.6262,33.5435,23.6498,74.3562,105.2427,29.1709,51.1195,0.0,337.0625,2.4
3r88,3.8096223667,-19.3883925143,-0.13568831509999998,3.5,14.0,3.5,3.0,-0.0305425236,-1.8336663208000001,2.0,-46.0269522638,22.5739,22.3713,31.769000000000002,22.4379,15.3441,89.3966,76.7101,128.2437,0.0,408.8466,4.82
2j7h,4.2046360713,-15.5404379602,0.16255605380000002,2.5,10.0,2.5,0.0,0.0322442204,-7.8333871389,4.0,-69.2204708511,30.6455,34.2705,72.6322,12.8271,6.5906,46.893,0.0,130.9614,0.0,334.8203,7.19
2zb1,7.720928452100001,-8.4810294693,-0.1135222473,5.0,26.0,5.0,17.0,-0.0202589938,-2.2742370893,6.0,-34.0496180162,7.9511,21.6842,12.8365,18.949,91.3407,243.0078,410.829,78.8007,0.0,885.3989999999999,6.32
4f09,6.024850185499999,-14.3785384559,0.060608278700000004,1.0,19.0,1.0,5.0,0.0111417131,-1.3264653207,1.0,-39.4460579791,11.4808,14.0583,0.0,30.6631,87.9798,146.1215,217.0062,126.0143,0.0,633.3240000000001,6.7
3n76,7.2168154449,-28.4506467945,-0.9103491088,7.5,22.0,7.5,10.0,-0.2120592939,-7.6415428294000005,10.0,-87.7082109944,10.8474,59.0002,88.4637,28.4675,31.8864,198.3619,182.3461,125.3635,0.0,724.7367,6.85
3uew,3.472855103,14.1081080278,-0.25141103239999996,14.0,18.0,14.0,15.0,-0.0584371483,-0.5949117343,16.0,-6.5053594845000005,10.2698,29.5296,0.0,2.6531,21.8576,27.4607,651.508,19.5584,0.0,762.8372,6.31
4dli,6.4598757696,-13.7308007718,-0.2563034107,3.5,21.0,3.5,12.0,-0.053038661900000006,-1.0045512295,4.0,-25.390746561500002,0.0086,15.3188,48.8074,15.2999,34.579,290.082,260.9977,78.1913,0.0,743.2847,5.62
4eo8,5.513798362899999,0.254154285,-0.2514477069,6.0,27.0,6.0,14.0,-0.0500460227,-1.976168758,4.0,-15.9037208874,12.001,33.6027,0.4195,15.3878,45.5799,46.5535,503.1931,53.9476,0.0,710.6851,8.15
1e66,8.5770433103,-4.6837370695,-0.1235417207,1.5,21.0,1.5,15.0,-0.019510833999999998,-0.0,2.0,-18.8977390486,0.0,14.7225,57.2305,14.5745,26.4403,271.5842,245.4832,50.0602,65.0866,745.182,9.89
2zy1,6.3212461596,-16.5479231497,-1.0312502655,8.0,24.0,8.0,12.0,-0.19700074420000002,-3.1733417964,12.0,-37.6726478618,31.195,69.3762,12.114,27.9854,55.8488,347.1842,253.6228,116.3648,0.0,913.6912,7.4
