,vina,F1,F2,F3,F4,F5,F6,F7,F8,F9,F10,F11,F12,F13,F14,F15,F16,F17,F18,F19,F20,delta_rf,pKd,set,nro_protein,protein
0,5.0887775824,-19.0038017026,-0.7453798729000001,1.5,17.0,1.5,7.0,-0.204276965,-6.5737941015,2.0,-64.0283005183,0.0,41.3922,82.6497,42.413999999999994,44.4511,307.8204,16.6583,28.6568,0.0,564.0425,5.67,6.19,set1,1,2p98
0,6.203895094500001,-7.7894877624,-0.0380461263,5.0,30.0,5.0,13.0,-0.0093813371,-0.898965344,4.0,-18.462823487999998,0.0,0.0,18.3319,24.6063,66.6899,308.7675,163.1851,195.0218,0.0,776.6025,7.28,7.92,set1,2,2ovv
0,5.0823888845,-18.3562987353,-0.0904686566,7.0,28.0,7.0,6.0,-0.0113397554,-0.8350416905,10.0,-84.5025002843,0.0,92.9054,21.4912,36.5727,190.8407,158.2034,164.5622,276.5097,52.1766,993.2619,6.87,6.81,set1,3,2uwp
0,5.7463953768,-28.8305799447,-0.6608451504,13.0,36.0,13.0,18.0,-0.16758046029999998,-6.887683812100001,14.0,-55.849622961899996,57.6006,73.9738,74.0842,17.1757,45.9571,181.5894,301.5625,186.4154,32.6742,971.0329,6.92,7.87,set1,4,3ccw
0,2.5793322547999997,-1.1434962402,-0.1477615605,0.5,7.0,0.5,5.0,-0.0484323447,-1.7096331618,1.0,-11.808675557,0.0,1.9872,36.7908,22.1693,1.381,178.9514,54.4031,2.6308,0.0,298.3136,3.5,3.87,set1,5,2pzv
0,5.9415330564,-13.593168708199999,-0.2399025743,3.0,22.0,3.0,13.0,-0.0640410119,-2.0434591306,4.0,-43.0546747462,14.331,10.5991,63.6692,17.4206,56.3056,167.4046,230.8158,94.0103,0.0,654.5562,7.21,5.55,set1,6,3ekr
0,4.3393561796,2.1391429011,-0.23421069190000002,5.0,10.0,4.0,7.0,-0.0582831154,-1.4903563263,4.0,-16.4070857348,3.4271,11.0917,22.2177,44.4144,49.1979,117.7739,315.5873,28.4092,0.0,592.1192,3.67,3.1,set1,7,2cjp
0,8.7322791339,-27.6035538633,-0.2734597418,15.0,50.0,12.0,27.0,-0.0690140741,-6.2349217215,10.0,-87.0950720336,17.7219,34.1863,42.4695,44.966,143.5501,410.499,453.5565,169.7755,0.0,1316.7248,8.4,7.92,set1,8,2cem
0,4.0562070349,-6.7330934597,-0.1910081309,4.5,16.0,4.5,7.0,-0.0429605093,-3.137356777,6.0,-42.770168645,0.0,0.0,52.9656,24.2696,114.9462,221.4631,99.3088,49.4564,0.0,562.4097,5.53,5.57,set1,9,2nmx
0,8.524327384,-27.8330262098,-0.27476535399999996,15.0,50.0,12.0,27.0,-0.0674297357,-5.8657855440999995,10.0,-87.293011645,29.1498,33.9842,42.3821,41.531000000000006,145.1657,394.4846,466.79699999999997,159.1881,0.0,1312.6825,8.49,8.3,set1,10,2cen
0,5.9000982063,-40.007625258000004,-0.7256563268,5.5,23.0,5.5,0.0,-0.1679472053,-10.9982277862,6.0,-85.4693574627,49.6507,89.7461,96.1543,5.626,56.43600000000001,121.1525,88.3728,93.8199,0.0,600.9583,5.19,4.61,set1,11,2v8q
0,2.4456096928999997,-5.2821475511000004,-0.1576783453,1.0,6.0,1.0,3.0,-0.029339599999999997,-0.0,1.0,-8.8426767138,0.0,20.6153,0.0,1.6543,22.7216,41.7498,150.0747,36.7096,0.0,273.5253,2.82,2.54,set1,12,1iup
0,4.3704341508999995,-11.0921071713,-0.41445852450000004,1.0,9.0,1.0,6.0,-0.09341728640000001,-2.4683332131,1.0,-19.0643366323,0.0,44.5496,17.1698,11.8338,6.3182,187.236,77.9929,38.0787,0.0,383.17900000000003,3.57,3.19,set1,13,1ukb
0,5.9072717385,-2.8599215194,-0.19626725420000002,4.0,24.0,4.0,14.0,-0.0551071037,-2.9033808019,4.0,-44.3055759271,4.8747,8.3811,55.0348,1.0315,22.9426,236.4533,247.9712,172.3684,0.0,749.0576,8.15,9.55,set1,14,2jj3
0,5.2798590623,-41.228240636799995,-2.5426137453999997,6.0,15.0,6.0,2.0,-0.5822883714,-8.8415031298,8.0,-92.50871967190001,0.0,141.5302,0.0,0.0,22.1334,0.0,56.733999999999995,112.7237,0.0,333.1213,6.48,7.39,set1,15,2hzy
0,4.2613788577,-18.3498586931,-0.4659348527,3.0,11.0,3.0,0.0,-0.1289035326,-7.4461630980999995,4.0,-65.7365327142,25.5376,48.8994,104.7085,16.7818,12.3414,44.2581,39.8579,150.6575,0.0,443.0422,5.13,4.23,set1,16,2jke
0,5.7283001785000005,-42.3282189153,-1.9731981235,7.5,20.0,7.5,0.0,-0.42672247729999996,-12.6283726367,6.0,-110.93147260100001,74.3674,163.9355,93.1753,25.1111,29.3002,19.4886,24.1357,153.4021,0.0,582.9159,6.28,6.44,set1,17,2qvu
0,8.559828300000001,-15.3849160755,-0.1440794407,7.0,35.0,7.0,18.0,-0.0272418186,-1.8775950369,8.0,-49.1810619524,9.6814,8.7882,8.3473,19.2578,93.9235,310.7932,372.6742,231.7567,0.0,1055.2223,8.47,8.36,set1,18,3d83
0,5.9749655306,-29.096440730100003,-1.1651635348,7.0,27.0,7.0,11.0,-0.21513995190000001,-4.4407831768,6.0,-58.5296633937,35.0698,90.8548,9.5825,24.302,43.9054,152.2379,197.4463,131.2163,48.5875,733.2025,6.68,6.68,set1,19,2qbs
0,6.232904624,-28.4472213962,-0.6298405281,13.0,42.0,13.0,25.0,-0.165548693,-7.2842085061,14.0,-61.914477692,55.3909,70.8445,77.9434,15.1809,32.1141,218.2969,320.8644,147.2821,50.2476,988.1648,7.3,7.84,set1,20,3cd7
0,3.7022100911,-10.0323754891,-0.1678005073,2.5,13.0,2.5,1.0,-0.0400192144,-3.1576671150999998,4.0,-42.8962629109,0.0,15.1174,27.7484,32.6728,89.9624,90.3754,110.9765,30.0268,0.0,396.8797,4.45,4.68,set1,21,2uy4
0,5.5709152292,-29.3943990379,-0.6761384169,14.5,38.0,13.5,18.0,-0.1727882393,-7.3966965325,14.0,-53.459413768699996,65.8725,77.6217,80.2062,14.77,33.1973,176.8035,298.8616,166.2713,33.7013,947.3054,6.65,7.29,set1,22,3ccz
0,5.2744239014,-32.6338796276,-1.1766279835,6.5,24.0,6.5,2.0,-0.2349515168,-6.2703052791,10.0,-88.0013796125,21.4283,100.2109,37.6751,68.6477,109.279,99.4673,82.3913,100.60600000000001,0.0,619.7056,5.01,4.92,set1,23,2hr6
0,7.2924896082,-13.4620427009,0.020655078400000002,5.0,34.0,5.0,13.0,0.000953537,-0.3088359645,6.0,-43.8160447011,0.0,9.99999999998e-05,0.0,34.9863,23.2535,359.3399,300.3307,229.1647,0.0,947.0752,7.39,7.68,set1,24,3f8c
0,5.4762730145,-30.860359486799997,-1.2268500437999998,8.0,28.0,8.0,12.0,-0.21912280260000003,-4.3997224066000005,8.0,-57.033380468199994,31.0886,94.3042,11.272,31.0424,38.6809,260.7418,101.9068,124.9718,49.6306,743.6391,6.22,6.33,set1,25,2qbr
0,6.3697151788,-19.2777748874,-0.37525348399999997,15.5,40.0,12.5,18.0,-0.10381817460000001,-5.1241538051,12.0,-94.2496215124,26.0975,33.6924,25.0285,39.2353,196.083,232.8483,516.285,115.9014,0.0,1185.1714,9.22,10.85,set1,26,2qi5
0,7.8208517948,-17.2031057573,-0.29613191769999997,8.0,36.0,8.0,25.0,-0.0563980461,-2.1416294322,10.0,-19.727653644,87.5923,51.6944,44.1403,16.4117,44.0838,525.8665,208.3173,96.6134,0.0,1074.7197,8.3,8.7,set1,27,2nnq
0,6.8802315537,-20.069503993399998,-0.4657588151,13.0,39.0,11.0,19.0,-0.11793785710000002,-4.541051259800001,10.0,-79.3480533422,22.0857,38.585,54.9242,29.2864,159.7556,342.591,367.9832,107.8629,0.0,1123.0739999999998,9.25,10.44,set1,28,2qi4
0,2.7492305435000004,-13.6324691024,-0.41425314729999996,4.0,13.0,4.0,0.0,-0.0934612958,-4.305879696,4.0,-51.056295151499995,30.9003,8.3184,51.2048,17.8427,6.5875,38.4049,2.3533,116.2643,0.0,271.8762,3.12,3.02,set1,29,2vmd
0,5.6492592961,-28.882430352800004,-1.2110946786,8.0,35.0,8.0,17.0,-0.2146778532,-4.4422208172,8.0,-58.764952315900004,26.6567,92.0837,6.5322,27.338,51.2837,180.0126,192.9916,122.7506,43.6877,743.3368,7.01,7.89,set1,30,2zn7
0,5.8655288226,-19.5881145064,-0.5864839342,3.5,19.0,3.5,10.0,-0.1413141834,-5.9368827298,4.0,-70.9546979326,38.15,14.5959,79.4917,26.6674,86.7353,183.65900000000002,45.2291,129.1231,0.0,603.6515,6.27,5.42,set1,31,1gja
0,6.2088828265,-45.3318604653,-1.4032690586,5.5,22.0,5.5,1.0,-0.3182173016,-11.8067758179,6.0,-102.95442411100001,38.606,117.9322,99.9605,79.6384,57.6198,79.2403,91.8531,104.0138,0.0,668.8641,6.22,5.68,set1,32,2q8z
0,4.6178476628,-24.9012153355,-1.1233105954,4.5,10.0,4.5,2.0,-0.229142276,-8.4249321541,6.0,-70.1143164349,38.9479,92.0693,0.0,0.0,0.0,0.0,56.5829,62.2121,0.0,249.8122,6.39,6.77,set1,33,3fas
0,5.4991432327,-37.1828305747,-1.3058395819,7.5,21.0,7.5,2.0,-0.2859437416,-8.789931447899999,8.0,-81.3919819064,31.86,89.4411,99.2647,48.1767,28.5502,16.4586,165.6446,127.8767,0.0,607.2726,6.58,7.55,set1,34,3b50
0,5.3329637383,-39.672002238699996,-0.7941496229999999,7.0,27.0,7.0,0.0,-0.1699422981,-5.416889664099999,10.0,-128.531095718,29.9429,77.5707,97.095,17.4164,72.8342,42.521,78.1165,203.0534,0.0,618.5501,5.19,4.74,set1,35,2e2p
0,7.2123925002,-12.8791895422,-0.5040176535,4.0,36.0,4.0,20.0,-0.10671546009999999,-3.9145554461,4.0,-66.6152830738,53.4952,30.9886,31.7435,99.7347,102.029,59.8132,448.9439,168.3304,0.0,995.0785,7.39,8.52,set1,36,2vw5
0,2.7695702212,-8.8084740751,-0.0056992173,2.5,8.0,2.5,1.0,0.0033373795000000003,-2.4886362162999998,3.0,-31.1837625627,44.01,7.8273,17.0897,17.5332,20.9676,114.2893,83.1332,46.8001,0.0,351.6504,4.37,8.15,set1,37,3bu1
0,5.749534714,-25.3261701019,-1.1246528821,1.5,11.0,1.5,1.0,-0.2228122573,-7.2031945356,2.0,-69.3488462709,25.3423,44.4331,23.1042,0.0,0.0,0.0,66.8694,107.8877,0.0,267.6367,6.71,6.3,set1,38,2q89
0,6.3321238163,-17.518931881500002,-0.7907168898,5.0,16.0,5.0,4.0,-0.1869079218,-5.5353409641999995,5.0,-53.5008926282,9.99999999998e-05,51.5725,26.4817,35.9794,62.8665,68.182,152.6041,142.5998,0.0,540.2861,10.44,13.0,set1,39,2c1q
0,3.3100056531999997,-13.122781571199999,0.4995653692,2.5,7.0,2.5,0.0,0.0760042338,-2.1580302686,4.0,-44.3189621196,0.0,0.0,23.1352,0.0,0.0,0.0,0.0,209.5875,0.0,232.7227,4.94,5.57,set1,40,2reg
0,7.5277271861,-67.3253087287,-1.9381666411000003,14.0,42.0,14.0,3.0,-0.4218007594,-13.925014254,12.0,-179.741343085,24.7556,93.7939,204.4358,60.4545,83.5609,112.2512,137.2864,251.3717,24.1228,992.0328,4.65,4.16,set1,41,2ihk
0,3.3821737343000002,-21.794173700199998,-0.49516442920000003,8.0,23.0,8.0,0.0,-0.1367152011,-7.7738570905,6.0,-78.1182693384,34.5354,22.7293,94.3143,11.5927,23.9766,55.516000000000005,17.5362,129.5225,0.0,389.723,3.45,3.34,set1,42,1w6o
0,7.0694866435,-8.7095042694,-0.0348481099,1.5,21.0,1.5,11.0,-0.010466902299999999,-1.3751250472999998,2.0,-32.3186402954,0.0,10.8533,37.5017,9.3504,71.0089,246.2635,153.0457,144.44299999999998,0.0,672.4665,6.96,6.24,set1,43,3ene
0,5.7923925347,-8.918578259,0.3111978023,5.0,22.0,5.0,10.0,0.0497819663,-1.080064025,6.0,-38.7745258794,0.0,0.0,32.6437,13.8627,91.4976,209.4546,166.47799999999998,184.0917,0.0,698.0283,6.2,5.74,set1,44,2pgz
0,3.1099022463,-31.0866411518,-1.4760239317,3.0,9.0,3.0,0.0,-0.321121922,-6.7935036961,4.0,-78.2124861289,9.2788,136.9303,8.4612,45.8513,12.6806,0.0116,16.1152,102.8436,0.0,332.1726,4.13,3.41,set1,45,2v2c
0,3.7635811994,-20.1016968695,-0.9560968801,2.5,12.0,2.5,1.0,-0.24278519,-6.7627851349,2.0,-66.56591186189999,0.0,40.5336,89.1341,16.5974,11.3705,0.2382,39.3535,102.03399999999999,0.0,299.2613,4.17,6.72,set1,46,2jdu
0,2.7234410351,-16.058883362,-0.5955865451,1.5,5.0,1.5,0.0,-0.1006788374,-5.4467427071,2.0,-49.82304174,45.6216,58.2501,5.6849,5.7954,3.9474,10.1164,2.3439,86.2309,0.0,217.9906,6.07,7.79,set1,47,2rca
0,5.0259028196,-23.7904107446,-0.2804425666,6.5,22.0,6.5,5.0,-0.066967637,-5.9000175224,8.0,-67.0992324409,23.6556,49.7874,66.6384,28.7904,18.2911,201.7793,96.6512,233.9345,0.0,719.5279,5.49,5.0,set1,48,2oym
0,6.387803042200001,0.4470034758,-0.1919176585,3.0,17.0,3.0,13.0,-0.055495853399999996,-2.4711718194,4.0,-18.926169120999997,5.7285,8.0223,63.2387,0.8726,22.4251,304.0832,200.8977,13.1365,0.0,618.4046,6.86,6.53,set1,49,2p7g
0,7.3664254002,-25.075169823899998,-0.1527346227,5.0,34.0,5.0,13.0,-0.022811539,-1.7765641243,4.0,-89.8405984526,9.435,4.4889,16.2494,58.8398,114.1308,291.2682,150.9696,206.4904,0.0,851.8721,8.83,10.1,set1,50,2p16
0,6.656913188300001,-45.4670866817,-1.1641439837,12.0,31.0,12.0,3.0,-0.2679145574,-11.7838762601,12.0,-147.505653174,45.321000000000005,96.257,120.4678,90.8474,117.3933,126.711,301.0682,208.2035,0.0,1106.2692,5.81,5.68,set1,51,2c92
0,4.6540160547000005,-16.2335199961,-0.2918483361,2.5,16.0,2.5,5.0,-0.07105317629999999,-2.1178570213,2.0,-46.3593185875,18.904,8.8253,74.2171,10.9395,39.1988,203.4423,106.499,52.6035,0.0,514.6295,6.07,6.7,set1,52,3eko
0,5.0140349514,-27.3323826103,-1.0873182411,23.0,48.0,19.0,21.0,-0.2432692934,-8.5303786765,18.0,-106.732799804,1.6571,48.9765,82.8687,42.8331,109.3302,69.4478,576.5125,149.7564,0.0,1081.3823,6.78,7.22,set1,53,2h6t
0,4.0498256719,-43.2856360774,-0.45923075409999997,9.5,32.0,9.5,0.0,-0.1337592364,-7.0993690261,14.0,-111.91414382399999,98.1482,158.834,91.5743,29.2553,56.1822,54.4264,53.9318,120.6787,0.0,663.0309,4.97,5.4,set1,54,2ilz
0,5.8067616038,-22.396310311,-0.30293870489999997,13.5,33.0,11.5,14.0,-0.09504563419999999,-4.8435792103,10.0,-73.6559435603,23.9703,34.5637,26.7198,41.8241,156.1499,218.5636,364.2479,165.2356,0.0,1031.2749,7.48,7.24,set1,55,2psv
0,6.8609701063,-22.065242264600002,-0.23392463079999998,4.0,27.0,4.0,14.0,-0.061635164699999995,-4.3876198216,6.0,-79.4066371885,24.3118,3.9738,16.8736,83.1958,102.5336,328.8664,76.8756,129.9628,0.0,766.5934,6.59,6.1,set1,56,2flr
0,4.3993483267,-35.5698053808,-0.6135423803,5.0,21.0,5.0,1.0,-0.1456417744,-5.6994666866,6.0,-111.96979371,0.6354,69.2661,27.453000000000003,35.1924,82.699,91.4011,60.0749,133.5938,0.0,500.3157,5.11,4.85,set1,57,2j4k
0,3.0229836813,-43.578650662600005,-3.4689896107,6.0,14.0,5.0,3.0,-0.7625948831999999,-5.8383090087000005,6.0,-81.7548834188,18.6918,206.5416,14.5594,26.9773,17.5911,25.9294,68.0861,86.8698,0.0,465.2465,7.22,9.7,set1,58,2jbj
0,3.7458160716,-21.609928347100002,-0.3483857453,2.0,13.0,2.0,1.0,-0.0930725461,-7.3388975205,2.0,-65.4230684278,76.7659,92.27,126.1463,46.5865,34.8643,144.3468,157.082,187.8795,0.0,865.9413,4.53,4.82,set1,59,2pwg
0,7.462952684199999,-36.9059234299,-0.41918220009999996,3.0,19.0,3.0,1.0,-0.1251040544,-6.9957782334,2.0,-105.482360721,0.0,6.7044,96.6828,31.9977,87.3398,170.8874,30.1857,110.4243,33.0693,567.2914,7.31,6.66,set1,60,2v7v
0,7.5517123091,-46.2285519903,-0.9642899634000001,9.0,27.0,9.0,1.0,-0.22766796109999998,-9.8298882397,12.0,-127.05306935799999,41.6078,77.8251,124.7471,40.5759,99.1176,149.20600000000002,210.8236,275.373,0.0,1019.2761,6.33,5.9,set1,61,2v7u
0,3.3761297767,-22.5186124336,-0.622292916,2.0,12.0,2.0,6.0,-0.0882241772,-4.1628931554,2.0,-45.9785639285,27.9157,75.8973,15.8318,7.1919,7.1833,118.1487,25.5691,83.8279,0.0,361.5657,3.22,3.11,set1,62,3c2r
0,4.8676450172,-12.3902744478,-0.4260623363,3.0,11.0,3.0,8.0,-0.0932045743,-3.8835654936000004,3.0,-21.4870394325,7.2293,61.1114,29.8424,18.1608,32.6163,193.4845,146.007,62.7804,0.0,551.2321,3.62,3.22,set1,63,1tog
0,4.3954828344,-19.2887185582,-0.9178307068000001,7.0,15.0,7.0,4.0,-0.18225026030000002,-3.8446905236,8.0,-48.681657951000005,11.6236,53.9171,43.3011,21.3759,30.6453,0.0,215.208,140.4167,0.0,516.4877,5.18,5.57,set1,64,3bex
0,5.5651499978,-40.1531863485,-1.6424601475999998,6.5,22.0,6.5,4.0,-0.3106183452,-4.9028158627,8.0,-100.271229672,0.0,101.2914,81.0252,18.643,80.1913,161.58700000000002,193.9898,118.6325,0.0,755.3602,6.91,8.64,set1,65,2qry
0,4.4300228785,-23.779320375799998,-1.0312502655,11.0,28.0,10.0,13.0,-0.1946902507,-3.7722510512,12.0,-52.219243546499996,28.3539,82.8427,29.8772,9.3571,46.0702,133.6809,243.8292,129.4022,0.0,703.4134,3.94,3.62,set1,66,2jff
0,2.1972719836000003,-5.0018956919,-0.1247373094,0.0,4.0,0.0,1.0,-0.0240364673,-1.5240235172999999,0.0,-18.1874346675,1.4553,0.0,0.2622,42.4198,36.8058,21.9346,71.7729,44.535,0.0,219.1856,0.37,-0.15,set1,67,2r3d
0,7.4236669598,-46.3077762452,-0.9783509667,9.0,26.0,9.0,1.0,-0.2305945862,-10.052143044600001,12.0,-125.146692174,40.6789,79.9571,124.5239,38.0768,113.8708,156.0505,92.3694,240.2458,0.0,885.7732,6.89,7.48,set1,68,2v7t
0,4.9438839678,-45.930791724799995,-0.522905021,9.5,33.0,9.5,0.0,-0.11213595119999999,-6.2859212812,14.0,-86.9828627334,46.1445,106.4639,72.9753,23.5357,46.1634,98.85700000000001,21.6824,217.5586,0.0,633.3808,5.5,5.61,set1,69,2jgb
0,8.6730718211,-59.8214199676,-0.5155041068999999,4.0,46.0,4.0,0.0,-0.0822755733,-8.9709714497,4.0,-189.621959493,92.2799,93.7659,102.8331,54.3023,121.428,129.8828,103.5548,137.1363,0.0,835.1831,7.05,7.01,set1,70,2rde
0,9.2334581811,-8.0807419716,-0.04970861730000001,4.0,26.0,4.0,17.0,-0.019576848100000002,-3.6595063032999997,4.0,-46.235681513100005,8.2305,14.9585,22.436999999999998,25.0009,81.7251,219.7547,459.6225,82.9183,0.0,914.6475,8.39,8.0,set1,71,3e92
0,5.9002302345,-30.0588382893,-1.2196031626000001,7.0,31.0,7.0,11.0,-0.2182572844,-4.6332949622,8.0,-65.5700964983,26.7192,93.906,6.4771,37.3789,53.4075,146.3378,185.3854,143.299,44.1845,737.0954,7.01,7.6,set1,72,2zmm
0,6.7387780072000005,-27.6886387033,-0.5331518763,15.5,48.0,12.5,25.0,-0.1406613773,-5.909406194400001,12.0,-94.61371127860001,64.667,36.6923,25.983,42.6115,190.1946,257.2325,434.6683,163.6464,0.0,1215.6956,8.28,9.01,set1,73,2q54
0,7.362545238099999,-21.0526226451,0.326036305,9.0,38.0,9.0,15.0,0.048667061500000004,-2.0132613473,8.0,-42.204259105300004,33.3113,9.453,12.1616,12.6457,115.6322,203.0965,382.2315,214.5703,0.0,983.1021,8.15,8.7,set1,74,3eqr
0,4.4749271363,-36.1799003581,-0.5797798356,9.0,31.0,9.0,0.0,-0.11410903929999999,-6.761017423999999,14.0,-89.2710948119,62.2513,70.285,76.5784,12.4882,63.6828,117.5805,35.3831,108.9114,0.0,547.1607,4.94,6.35,set1,75,2p09
0,3.4741093709,-19.021750202899998,-0.593100014,8.0,23.0,8.0,0.0,-0.1292776125,-5.1300583996,6.0,-49.7154534268,0.0,5.7127,89.4234,45.2717,6.7808,26.2814,67.3784,123.3423,0.0,364.1907,3.64,3.29,set1,76,1ax1
0,2.6297743621,-6.666910657000001,-0.1063047057,3.5,13.0,3.5,0.0,-0.024271184100000003,-3.2118646912,6.0,-46.2541507913,0.0,0.0,71.8385,19.2207,112.351,61.8314,75.5809,105.5787,0.0,446.4012,5.01,6.92,set1,77,3bl0
0,7.1361315449000005,-25.9540742164,0.2170323561,4.5,31.0,4.5,13.0,0.041940958199999996,-2.903520165,6.0,-53.287667085200006,69.2595,18.5281,62.6655,6.9332,61.0738,301.1784,56.1036,95.6467,92.1085,763.4973,8.0,8.47,set1,78,2oag
0,5.004074157200001,-31.0361256955,-0.8377849431000001,8.5,26.0,8.5,1.0,-0.18083462460000002,-6.6650916017999995,8.0,-114.171503308,0.0,12.3026,103.288,29.9428,47.053999999999995,14.1146,81.6612,253.0546,0.0,541.4178,4.66,4.41,set1,79,2arb
0,4.0906883998,-18.3496826555,-0.6265251533,3.5,12.0,3.5,0.0,-0.1460085194,-5.675532907899999,4.0,-67.1205769999,0.0,11.6412,89.5679,24.5971,5.5296,12.4325,19.5936,139.6666,0.0,303.0285,3.95,3.28,set1,80,2are
0,7.7273244849000005,-8.6534362938,-0.5325357447,3.0,24.0,3.0,18.0,-0.0916789151,-1.6425995107,2.0,-13.3464300071,12.0393,44.5478,0.0,16.1746,7.3066,322.7643,226.3148,51.3427,0.0,680.4901,6.89,6.26,set1,81,3bgz
0,3.1929333143000003,-24.603389055900003,-0.6753902570999999,4.5,10.0,4.5,0.0,-0.1648518775,-6.9809544005,6.0,-84.3805795765,45.8837,93.1011,39.9997,26.935,54.3978,0.0007,51.1533,180.1713,0.0,491.6426,4.62,5.48,set1,82,3bxe
0,4.9158866544999995,-7.0273696477,0.1124733566,3.0,18.0,3.0,11.0,0.021982695299999997,-0.73349,4.0,-30.5740343304,9.5281,3.5445,31.6556,3.8953,38.8009,205.0191,163.465,116.8146,0.0,572.7231,4.8,3.82,set1,83,2vuk
0,8.0788348976,-28.967177787399997,0.2669023412,13.0,45.0,12.0,22.0,0.0119632219,-4.8600607306,10.0,-83.6391678845,43.3265,30.9529,42.94,32.4933,128.4614,349.3262,489.6333,213.3794,0.0,1330.513,8.31,8.48,set1,84,2r5p
0,3.6693570739999997,-15.2533206346,-0.6477156794,1.5,6.0,1.5,1.0,-0.14120415990000001,-5.11902671,2.0,-60.790286908599995,40.1592,46.868,0.0,0.0,0.0,0.0,60.3471,44.2875,0.0,191.6618,5.42,5.48,set1,85,3f48
0,5.0801077306,-5.1498259551,-0.0005501175,3.0,13.0,3.0,6.0,0.0021711304,-1.6273869281,6.0,-25.0853726698,44.4818,9.6928,38.4397,22.1785,11.533,191.2092,137.9246,64.2294,0.0,519.689,6.75,8.7,set1,86,3brn
0,5.4921677427999995,-30.7650277915,-0.8370147786,15.0,34.0,12.0,12.0,-0.1868052332,-6.852322259199999,12.0,-84.42669409279999,40.8946,76.3452,47.1257,49.1104,68.0746,136.1078,199.1368,240.9781,0.0,857.7732,5.57,5.3,set1,87,2q3c
0,3.8475291299000003,-15.2673669681,-0.6782435332,4.5,9.0,4.5,1.0,-0.1400012363,-4.991986242,6.0,-74.7694840689,34.7476,47.9273,0.0,0.0,27.5476,0.0,26.8649,128.5307,0.0,265.6181,5.9,6.63,set1,88,3f3d
0,6.1553307215999995,-24.6880191321,-0.044948267199999996,5.0,29.0,5.0,7.0,-0.010657609699999999,-2.0740529985,6.0,-108.794581514,0.0,20.7659,27.5555,46.0348,187.5141,246.4654,91.3781,301.0097,53.5287,974.2522,7.94,9.4,set1,89,2w26
0,4.1727952704,-29.473821335100002,-1.0826605796,9.0,23.0,9.0,0.0,-0.24420816059999997,-7.5208543848,6.0,-99.5490720926,22.057,42.8508,153.9149,26.8399,10.7434,62.6703,22.7314,180.0365,0.0,521.8442,2.77,2.46,set1,90,2add
0,5.448957846900001,-19.1443677262,-0.45813051909999997,3.5,13.0,3.5,3.0,-0.0958157987,-6.954438737,4.0,-69.0423061301,32.2551,57.0883,26.3368,38.3819,44.8207,51.5878,136.2475,72.3342,0.0,459.0523,7.03,7.64,set1,91,3fat
0,7.1976273465,-26.5936188172,-0.2573523014,12.5,40.0,10.5,20.0,-0.0885029034,-2.8936327198000003,8.0,-64.278736009,0.0,21.6004,27.5432,28.8292,120.1036,268.5764,316.4305,94.0795,149.89,1027.0528,7.63,7.28,set1,92,2qhz
0,7.732583608200001,-25.835556902199997,0.1961939052,8.0,36.0,8.0,11.0,0.025738164100000002,-2.5834397987999997,10.0,-83.1578004022,3.5575,27.5437,22.7691,32.584,88.1288,382.3671,323.9717,234.7594,41.8023,1157.4836,8.36,8.52,set1,93,2qu6
0,2.2281299079,-23.699340626199998,-0.8416137609000001,3.0,9.0,3.0,1.0,-0.147578188,-4.0473684804,4.0,-41.4648131665,61.2244,112.0199,0.0,13.0932,2.0877,16.0516,37.4027,83.3293,0.0,325.2088,2.48,2.72,set1,94,2rkd
0,5.9360978955,-12.4470392389,0.1454950764,3.0,22.0,3.0,10.0,0.0220853839,-1.4099731572,3.0,-38.3764095121,2.5388,16.2106,8.2179,19.7111,34.525,262.4581,66.5,53.6601,0.0,463.8216,6.32,6.29,set1,95,2q6m
0,4.8109975845,-26.979053142399998,-0.5480050488,6.5,20.0,5.5,6.0,-0.166868975,-9.9256233545,6.0,-94.37573778299999,25.9646,49.8527,98.0994,0.2412,36.7042,111.2981,9.8064,167.6347,0.0,499.6013,5.81,6.0,set1,96,3ddg
0,2.8978942967,-21.4821177146,-0.7876729063,2.0,12.0,2.0,3.0,-0.1315440966,-1.8282384948,2.0,-46.7959505147,5.4555,64.3129,0.0,8.0219,24.6506,103.7297,52.2349,57.7999,0.0,316.2054,3.19,5.35,set1,97,2gkl
0,9.2570912289,10.2318407597,-0.22571687769999998,6.5,30.0,6.5,24.0,-0.057197550199999996,-4.0096890991,10.0,-34.3298552056,11.0521,0.0,98.8424,12.1831,9.1464,89.1349,777.3727,85.3569,0.0,1083.0885,9.74,10.1,set1,98,2o4j
0,7.263707460599999,-67.9683227372,-1.2813190112000001,9.5,38.0,9.5,0.0,-0.2892664513,-11.9721558082,14.0,-158.774120681,2.8143,172.9743,119.1181,91.90100000000001,82.8527,106.3562,81.5559,251.8069,0.0,909.3794,5.92,6.15,set1,99,2r75
0,5.3268611015,-29.642017926999998,-0.2955597955,7.5,32.0,7.5,6.0,-0.0559139427,-3.8061162845,8.0,-64.58352310869999,56.1332,66.0171,22.8819,46.8197,25.5423,278.5438,24.5116,62.897,34.4804,617.827,5.63,5.71,set1,100,2v8y
0,5.6578631338,-16.352514078800002,-0.20038946800000002,2.0,20.0,2.0,7.0,-0.0377820699,-4.836530371399999,2.0,-86.7881724827,5.6535,25.6474,6.0996,32.9908,103.8824,174.8665,72.5889,76.368,35.9655,534.0626,5.69,4.8,set1,101,2nta
0,2.4237810305000003,-11.583024693399999,-0.3929232581,4.0,11.0,4.0,2.0,-0.0683539331,-0.9932921579999999,4.0,-34.2147706246,0.0,80.6295,17.0886,6.7136,40.7659,63.8957,111.3709,89.3338,0.0,409.798,2.94,5.19,set1,102,2qdt
0,3.7877496949,-28.995695878600003,-1.2448278837,8.0,23.0,8.0,0.0,-0.2746333258,-8.3168450677,6.0,-83.9701772517,35.5696,48.683,139.9185,18.8725,20.2667,0.0,37.0635,183.1631,0.0,483.5369,1.89,1.59,set1,103,2b1q
0,4.9719546301,-35.1300487862,-1.0164117628,15.5,44.0,15.5,3.0,-0.2516530841,-9.3361247764,10.0,-87.75551376450001,18.1283,72.6258,216.63299999999998,23.8247,32.6325,111.2293,148.1447,193.132,0.0,816.3503,4.49,4.21,set1,104,2qmj
0,3.2598716117,-6.5355866074,-0.2194015288,2.5,13.0,2.5,1.0,-0.0427771368,-3.1094914919,4.0,-45.2711201584,0.6841,0.0,51.635,16.6983,152.2668,63.4095,106.0829,29.8859,0.0,420.6625,5.47,7.8,set1,105,3czv
0,5.156728096,-14.6963890125,-0.3840333593,4.5,19.0,4.5,6.0,-0.0787914958,-4.3119896677,4.0,-56.9160220682,0.0,0.0,130.1418,38.4115,126.2119,132.215,84.5283,10.4778,38.0076,559.9939,6.83,7.2,set1,106,2pow
0,6.229493895499999,-43.7637762037,-0.7768832684,10.0,38.0,10.0,0.0,-0.1941621379,-8.8631850942,10.0,-118.58489063399999,0.0,29.2045,199.2642,35.2413,108.9061,161.8933,142.4782,169.388,0.0,846.3756,5.31,4.7,set1,107,2i2c
0,5.1424323758999995,-12.5213271061,0.286574543,5.0,22.0,5.0,10.0,0.046803996900000006,-0.2259295898,6.0,-28.2824135281,0.1121,2.7666,10.661,30.8693,69.0593,231.736,100.8119,136.1214,0.0,582.1376,6.09,6.85,set1,108,1q72
0,5.783796031900001,-34.8493201585,-1.2891600193000001,9.5,29.0,8.5,16.0,-0.31198997149999996,-7.2557270894000006,8.0,-87.50833496940001,89.2255,120.0713,30.5847,48.7942,60.5585,214.9273,153.3615,76.1219,0.0,793.6449,6.84,7.7,set1,109,3b7r
0,5.0560785982,-17.9201069021,0.0053251374,6.0,28.0,6.0,6.0,0.000513443,-0.7786436444,8.0,-88.9277041335,0.0,92.5863,22.4853,36.6502,197.0819,157.8979,160.8102,273.2737,52.3361,993.1216,7.4,8.4,set1,110,2uwl
0,4.1786265159,-20.5217005784,-0.7740813366,7.5,21.0,7.5,6.0,-0.14913318679999998,-6.7660565002999995,6.0,-58.9081515686,44.9293,105.11399999999999,56.8092,7.3769,20.6176,34.89,165.5715,65.4226,0.0,500.7311,5.03,4.72,set1,111,1vso
0,6.9621843914,-32.8976793061,0.0117871843,8.0,36.0,8.0,9.0,0.0028386063,-2.8369486126,10.0,-110.836375623,6.0848,20.027,24.6042,45.4066,184.9547,360.7321,120.9844,194.4491,115.9312,1073.1741,9.6,11.3,set1,112,2p3t
0,2.9795977477999998,-15.8071936034,-0.630874749,1.5,5.0,1.5,0.0,-0.1331651095,-5.1913634938,2.0,-55.72581718479999,44.1232,48.9549,0.0,0.0,0.0,0.0,0.0,74.0341,0.0,167.1122,3.87,3.49,set1,113,3f4j
0,5.3584085064,-46.5650551976,-1.335025149,6.5,22.0,6.5,0.0,-0.306745518,-11.314464664800001,6.0,-125.517992147,27.6975,111.9634,106.6,28.2661,46.4942,49.9016,52.3563,131.8195,0.0,555.0986,5.14,4.68,set1,114,2nsl
0,7.1335423252,-18.6563694943,-0.1935826808,5.0,30.0,5.0,14.0,-0.0307258961,-0.8367360523999999,6.0,-63.179337187600005,4.9864,8.2518,19.8314,19.2007,139.4822,363.5245,144.1729,94.7768,53.6308,847.8575,8.49,9.37,set1,115,2p95
0,5.525306821,-17.8545035565,-0.5317069010000001,5.0,16.0,5.0,4.0,-0.1302898287,-5.0106608974,5.0,-49.084923418100004,0.0,40.5431,27.0409,40.6128,56.8132,66.8311,166.5728,142.532,0.0,540.9459,9.92,12.0,set1,116,1swk
0,6.2836254575,-13.5765771644,-0.14050734439999998,3.0,21.0,3.0,9.0,-0.0295816517,-2.4714798852,4.0,-47.0574690393,22.5186,10.5296,23.4285,55.5356,73.5743,244.4728,147.365,142.1726,0.0,719.597,6.14,5.64,set1,117,2ojg
0,5.7679893224,-30.9404565948,-0.6909915893999999,8.0,22.0,8.0,7.0,-0.15669546869999998,-4.7007100281,10.0,-67.0588318117,0.0434,122.5846,44.2281,77.1706,161.0924,244.9205,374.37300000000005,172.2468,96.5319,1293.1913,4.72,4.3,set1,118,2cli
0,5.879039708400001,-29.2727130469,-1.2615954651,7.0,31.0,7.0,15.0,-0.2257315475,-4.4840957613,8.0,-59.0601233617,32.8945,93.0593,10.8858,37.1787,35.2377,145.2863,238.6335,128.0876,48.4616,769.725,6.94,7.44,set1,119,2qbq
0,3.3576238239999996,-35.811108921,-1.337225619,8.0,22.0,8.0,0.0,-0.2615992085,-6.756953889400001,8.0,-76.7808750167,105.6491,175.5637,53.8598,7.4058,30.7243,0.0,19.8141,126.301,0.0,519.3178,2.28,2.0,set1,120,3c2f
0,5.3062793721,-16.832766656300002,-0.2789829215,3.5,22.0,3.5,4.0,-0.061495801600000004,-5.8585753374000005,4.0,-75.8268172388,0.0,0.0,82.6106,48.0109,93.4528,72.4251,259.3259,80.2164,0.0,636.0417,6.76,5.67,set1,121,2h15
0,8.226332401699999,-65.38117881390001,-1.1981119056,16.0,52.0,16.0,6.0,-0.2468340548,-8.025334137,16.0,-166.688375092,15.042,75.9128,161.8766,64.6899,154.2181,376.2046,242.3395,246.2198,0.0,1336.5033,8.81,9.4,set1,122,2idz
0,6.8431829738,-20.4823488399,-0.45781511840000005,12.0,38.0,10.0,18.0,-0.1186566773,-4.5676182676,8.0,-79.9791774778,23.3354,38.8719,55.3291,28.6805,157.7969,344.9874,345.5038,104.5849,0.0,1099.0899,8.89,10.57,set1,123,2qi6
0,6.6034491022,0.766937144,-0.177871325,3.0,17.0,3.0,13.0,-0.0529873176,-2.3605688623,4.0,-18.297179441300003,6.154,8.3154,62.9924,0.9261,21.6434,296.2922,198.0715,14.0612,0.0,608.4562,7.37,8.26,set1,124,2e2r
0,7.0104113589,-64.2688412289,-2.0071880501,14.0,42.0,14.0,3.0,-0.41815531409999995,-12.7267556504,12.0,-172.199525556,24.8064,105.914,211.4987,60.3512,93.3598,114.0133,145.49,283.2193,15.1002,1053.7529,4.81,4.59,set1,125,2ihj
0,3.1427039191,-20.8726975481,-1.1167311901,4.0,13.0,4.0,0.0,-0.2755281836,-7.501116168899999,4.0,-77.9192955061,0.0,41.4495,100.556,15.4083,10.5404,0.0,5.0169999999999995,120.965,0.0,293.9362,3.86,4.37,set1,126,2jdy
0,3.8562209864,-23.292598416500002,-1.0223456969,4.5,10.0,4.5,2.0,-0.1780693673,-7.9150979249,6.0,-59.4536774212,55.9569,109.7369,19.1379,4.7397,13.4232,10.9484,122.5799,100.1084,0.0,436.6313,4.9,4.61,set1,127,2pyy
0,7.0331715536,-26.5043384144,-0.3461486008,12.5,39.0,10.5,16.0,-0.10565923449999999,-4.7135314333,8.0,-82.1637014052,20.4915,21.6923,28.1843,35.7069,156.3082,277.6555,319.7046,105.2872,70.0874,1035.1179,7.66,7.48,set1,128,2qhy
0,5.131129295,-19.532692002,-0.44241182840000004,3.5,13.0,3.5,3.0,-0.0947008939,-7.3026117701999995,4.0,-71.0714328661,34.7295,59.0104,36.8937,38.3215,41.5914,51.1977,137.3351,73.6683,0.0,472.7476,6.78,7.37,set1,129,3dp4
0,4.1078153913,-23.1577316102,-1.546637014,3.5,13.0,3.5,0.0,-0.3593880953,-9.777993822200001,4.0,-80.0427197165,43.3472,36.9905,114.2273,0.0218,9.8616,46.1567,2.7941,114.9948,0.0,368.394,4.88,4.15,set1,130,3d51
0,7.2262774659,-5.9566796249000005,-0.2407387529,2.0,23.0,2.0,15.0,-0.0619725701,-2.9183733375,4.0,-29.6710934706,5.7673,7.9514,63.8147,0.7802,23.1151,279.4377,200.2383,86.045,61.8372,728.9869,8.73,9.36,set1,131,2z4b
0,6.918255675299999,-23.206149285100004,-0.3436327301,13.5,40.0,11.5,17.0,-0.1027546141,-3.9764913417,10.0,-78.0601109163,14.0044,32.2758,70.8845,28.0926,136.3865,404.2232,251.6508,131.8567,0.0,1069.3745,7.57,7.3,set1,132,2qi1
0,4.3290286404,-31.419264196999997,-1.291235796,8.0,23.0,8.0,0.0,-0.2702250509,-5.864567950700001,6.0,-88.719356299,22.4586,56.5529,130.6081,22.6838,19.0804,0.0,43.45,180.1041,0.0,474.9379,1.86,1.0,set1,133,2d2v
0,7.2700814887,-4.1663258886,-0.039901856,8.0,35.0,8.0,19.0,-0.014156357,-3.3586727147000004,12.0,-43.2800835581,11.5882,36.7303,62.5159,2.0139,70.8197,409.8824,357.9517,120.9129,0.0,1072.415,8.59,9.36,set1,134,2r6w
0,6.2705473308,-50.229967322200004,-1.4547820613,7.5,27.0,7.5,0.0,-0.3183053204,-7.900728855800001,10.0,-113.98697189399999,16.7045,134.52,97.1801,38.6737,97.9075,45.9973,167.7498,182.3629,0.0,781.0958,5.73,5.48,set1,135,3d2r
0,7.0075140734,0.0245279056,-0.1651672782,2.0,21.0,2.0,14.0,-0.0500826972,-2.5478435291,4.0,-21.2804152995,9.2546,7.7649,47.3435,8.1481,13.2299,294.0509,262.7627,62.3734,0.0,704.928,8.01,9.54,set1,136,2pog
0,5.0167488644,-39.698840637800004,-2.7438540618,10.0,20.0,8.0,8.0,-0.5964814029,-8.5747988309,8.0,-76.9818586116,35.9481,166.4617,58.0666,32.0151,19.4226,41.4746,208.1086,90.5045,0.0,652.0018,5.53,5.06,set1,137,2v77
0,5.4235130788,-9.9441513119,-0.044046074500000004,3.0,13.0,3.0,6.0,-0.0160854357,-3.7332660577,6.0,-43.437131101999995,51.2574,19.7205,41.27,24.1642,21.0187,198.8992,77.0688,57.9746,0.0,491.3734,7.43,8.62,set1,138,2qeh
0,2.5764129646000002,-14.150232358499998,-0.7345242209,1.0,6.0,1.0,1.0,-0.18361455170000002,-4.1875017449000005,1.0,-40.392656163699996,0.0,50.5721,0.0,0.0,25.6707,0.0,64.9768,42.6026,0.0,183.8222,4.77,6.57,set1,139,2hzl
0,4.1900029458,-17.3113322068,0.1719887352,0.5,10.0,0.5,4.0,0.027366511899999998,-3.6762812196,1.0,-70.3766271287,0.0,6.1117,101.1322,10.3871,50.9156,121.913,22.064,69.4359,0.0,381.9595,4.15,3.7,set1,140,2fx6
0,4.662590552799999,-11.5078199637,-0.317381123,3.0,11.0,3.0,8.0,-0.077969987,-3.9338242284,3.0,-21.593982274499997,7.229,54.1622,23.2287,22.7742,9.5987,183.1555,115.4019,40.7479,0.0,456.2981,4.33,4.05,set1,141,1toi
0,6.5130464597,-19.4005097691,0.34001662439999997,10.0,41.0,8.0,22.0,0.08446137349999999,-3.6728998307,6.0,-57.607937855,40.0322,45.6454,1.2816,24.7981,127.5039,395.6491,261.0558,133.0964,52.4711,1081.5336,5.99,6.11,set1,142,2qnq
0,5.5546317512,-44.8472802968,-1.0817657218,7.0,27.0,7.0,0.0,-0.2393671266,-9.055154097,6.0,-130.240963596,27.6823,126.4574,72.3551,14.106,56.0358,94.8371,37.3568,147.1352,0.0,575.9657,5.84,5.22,set1,143,2gz2
0,7.6422616496,-30.657036058800003,-0.17799601829999998,15.5,47.0,14.5,24.0,-0.0170609774,-7.3661026646000005,14.0,-127.22645905899999,23.443,18.4967,92.4922,70.8221,195.3644,457.6473,218.0893,329.4706,0.0,1405.8256,8.29,8.74,set1,144,2vkm
0,5.3691614698,-10.6283727886,-0.3909355002,3.5,16.0,3.5,3.0,-0.0826056438,-4.3383292936,4.0,-58.595846196400004,0.0,0.0,102.3555,36.9536,129.0426,134.5489,79.98100000000001,10.3663,42.2399,535.4878,6.9,7.12,set1,145,2pov
0,2.9282241082,-3.2771306314,-0.0134008623,0.0,6.0,0.0,2.0,-0.0009755416999999999,-0.0,0.0,-8.761846115800001,0.0,0.0,0.0,0.0,0.0,142.224,0.0,65.297,0.0,207.521,3.1,3.23,set1,146,2ou0
0,4.884896702,-27.604874145300002,-0.7286929754000001,14.0,36.0,11.0,12.0,-0.160414263,-8.8682388403,10.0,-67.9022646278,61.8624,81.7102,33.2805,72.1027,77.0857,117.7111,188.03900000000002,99.8702,0.0,731.6618,5.6,5.64,set1,147,3c7i
0,5.5637196923,-24.6822025564,-0.9046425565999999,3.5,12.0,3.5,0.0,-0.2250127273,-9.9983122135,4.0,-95.4053597007,6.5301,16.1849,124.646,24.6668,13.3439,33.4927,6.1206,139.7556,0.0,364.7406,6.02,6.03,set1,148,2b3f
0,2.4183238649,-21.0690674909,-0.5229930398,3.0,10.0,3.0,0.0,-0.09239773529999999,-5.8293164213,4.0,-28.6788795429,46.1093,83.1941,0.0,12.895,18.1845,33.8572,11.0101,69.008,0.0,274.2582,3.22,4.0,set1,149,2qrl
0,2.3817227139,-18.3028933284,-0.927278058,4.5,10.0,4.5,2.0,-0.16044360259999998,-5.015487261600001,6.0,-38.0120703593,50.2141,72.7648,16.6226,2.9629,10.7485,11.8097,83.792,52.05,0.0,300.9646,2.63,2.68,set1,150,2zlz
0,7.160996855900001,-6.550102374500001,-0.10937802880000001,0.5,18.0,0.5,12.0,-0.0197968951,-1.1498262589,1.0,-24.4061902694,16.1061,11.4166,46.6187,28.8114,40.8086,196.0372,252.6743,54.2037,0.0,646.6766,6.77,6.6,set1,151,1vot
0,3.2211140001,-17.5198854185,-1.4457234598,3.5,10.0,3.5,4.0,-0.35814849719999997,-2.4085904526,4.0,-50.5685316364,32.4578,97.3597,27.1522,0.0,27.6788,50.5196,141.2442,37.4786,0.0,413.8909,4.04,3.98,set1,152,3b3c
0,4.66646338,-10.121120444199999,-0.051659700700000005,7.0,18.0,7.0,8.0,-0.010943670800000001,-1.1519900544,7.0,-59.549009116499995,0.0,61.06100000000001,0.9131,16.7722,115.8413,131.9291,237.9239,95.7036,0.0,660.1442,5.96,8.0,set1,153,3b92
0,8.6886584836,-33.4601634475,-0.0431878912,11.5,44.0,10.5,22.0,-0.018806683600000002,-6.8240022103,10.0,-116.243091781,52.9152,10.8488,83.3455,59.4459,157.5818,329.564,279.5923,282.9119,53.3326,1309.538,8.97,9.15,set1,154,2qmg
0,4.1741595618,-1.0827706031,0.0172296801,1.0,8.0,1.0,5.0,0.0007774994,-0.0,1.0,-7.9432199315,0.0,0.0,14.1773,0.0,0.0,163.1992,0.0,66.5673,0.0,243.9438,3.89,3.63,set1,155,2otz
0,4.4758586686,-15.643772031400001,-0.3537475572,6.0,10.0,6.0,3.0,-0.0675984384,-7.451121490499999,10.0,-61.4282251663,83.3971,46.8904,0.0,0.0,0.0,0.0,73.8046,77.0459,0.0,281.138,5.98,6.31,set1,156,2pvu
0,8.0658814642,-61.3774089791,-1.291162447,13.0,44.0,13.0,3.0,-0.2851955818,-9.9152518059,14.0,-191.334277228,21.5456,123.7185,143.1456,76.2706,157.6792,50.3861,312.46299999999997,357.5106,0.0,1242.7192,5.78,5.09,set1,157,2vhw
0,6.668678367899999,-46.7596867691,-1.0818904151,13.0,32.0,13.0,5.0,-0.2516017398,-10.349250504,12.0,-130.04994813,32.0527,90.0276,90.2212,61.4987,97.8612,110.9381,200.1203,147.4493,23.8552,854.0243,6.58,6.82,set1,158,2c94
0,4.921424504,-47.2445603336,-1.3031403387,6.5,22.0,6.5,0.0,-0.306892216,-11.6475864832,6.0,-136.756767978,28.5537,105.6672,105.781,25.1388,43.0935,50.0254,53.104,138.1161,0.0,549.4797,4.87,4.79,set1,159,2nsj
0,5.4181145924,-19.7453527577,-0.6490799708,1.0,10.0,1.0,2.0,-0.1333998263,-3.7568550961000002,1.0,-44.0384535389,33.7735,58.3967,0.0,9.969,18.7481,55.7559,123.3125,110.8048,0.0,410.7605,6.09,6.72,set1,160,2vpn
0,4.7737656321,-17.7751986177,-0.6320116585,2.5,14.0,2.5,1.0,-0.1534387731,-5.118593950899999,4.0,-68.607573942,28.2359,39.0822,78.7158,11.8087,30.8659,79.6538,72.6599,118.2587,0.0,459.2809,5.73,7.22,set1,161,2epn
0,3.1489605888,-21.648707963400003,-0.5098562339,3.0,11.0,3.0,0.0,-0.1337298968,-8.1860858054,4.0,-72.2856008678,88.1163,93.1243,132.5911,39.9213,41.5005,163.9898,125.7154,187.2623,0.0,872.221,4.21,4.4,set1,162,2pwd
0,3.0669123974,-5.7378575532000005,0.09504563419999999,2.5,9.0,2.5,7.0,0.0176257647,-1.5602505884,3.0,-22.004604646300002,45.4827,5.6632,26.4916,12.4134,45.8722,99.9962,51.9989,89.7663,0.0,377.6845,3.08,2.27,set1,163,1uto
0,7.950664855,-22.8918488201,-0.3057626414,9.0,40.0,9.0,19.0,-0.0463052237,-1.4219950583,10.0,-59.2305717679,13.257,40.3393,45.9738,20.5669,63.5707,307.5086,335.695,244.0519,138.9864,1209.9496,8.36,9.0,set1,164,2p4y
0,5.6980217113,-15.236663076700001,-0.5254208917000001,14.0,37.0,12.0,17.0,-0.1220967454,-3.7048946645,10.0,-70.3907761508,7.2866,24.4205,45.7558,28.5837,144.9439,222.4456,435.32,119.0324,0.0,1027.7885,8.29,10.2,set1,165,2qi3
0,7.587257234500001,-6.9945753098,0.0999306776,6.5,25.0,6.5,17.0,0.0100341432,-1.9842811574,6.0,-30.9785980748,7.3941,0.8143,39.9199,22.3034,104.5609,397.6265,227.6635,132.6338,0.0,932.9164,8.59,9.52,set1,166,2bys
0,3.2053072906,-30.675204606100003,-1.4093496906999998,3.5,10.0,3.5,0.0,-0.3064887965,-9.1016867026,6.0,-105.908731124,4.1516,100.0849,40.5291,39.6771,43.4163,10.4576,24.7321,68.782,0.0,331.8307,5.35,7.43,set1,167,2isw
0,5.4822876325,-20.7608549929,-0.874613476,1.0,10.0,1.0,2.0,-0.17333102190000002,-5.876428484,1.0,-55.75824477770001,25.6687,46.1814,0.0,0.0,0.0,0.0,96.4634,93.2195,0.0,261.533,6.48,5.8,set1,168,2q88
0,8.5224056402,-23.476374336,0.28138143379999997,7.0,37.0,7.0,15.0,0.058297785199999994,-3.7399628214,8.0,-63.549258199300006,7.9615,31.976999999999997,24.2098,18.9462,95.8854,439.6962,364.1349,235.7331,0.0,1218.5441,6.61,4.94,set1,169,2oiq
0,6.7228686091,-8.6580279412,-0.0521658088,4.0,26.0,4.0,16.0,-0.0079143571,-1.0321231186,4.0,-13.5371300722,8.5711,20.747,2.7173,6.2196,67.5105,227.84799999999998,304.9619,27.8078,70.3384,736.7216,7.42,7.96,set1,170,3bgq
0,3.9554988579000003,-25.486371652800003,-0.41708441869999996,2.0,12.0,2.0,3.0,-0.0616424996,-3.5466882064,2.0,-54.4839379309,29.2251,76.1206,10.9066,6.3334,18.0102,112.1993,27.2062,86.3524,0.0,366.3538,3.88,3.35,set1,171,3c2o
0,6.3660550637,-54.9280294514,-1.1866841314,17.5,48.0,17.5,1.0,-0.2177951857,-7.054494107899999,12.0,-129.920274433,38.931999999999995,46.5906,182.9434,93.1046,69.3363,99.3032,206.7177,420.3604,0.0,1157.2882,5.23,4.96,set1,172,2z8f
0,2.4218006075,-8.0610184255,-0.2016437359,0.0,5.0,0.0,0.0,-0.036601151,-2.4900225124,0.0,-22.0389393132,6.3306,0.8911,0.2208,63.6816,38.0851,27.686999999999998,28.7349,93.4345,0.0,259.0656,0.62,0.05,set1,173,2pjo
0,7.293604512999999,-8.5501022226,-0.0567574562,5.0,33.0,5.0,17.0,-0.0063006791000000005,-0.0,4.0,-30.9777692311,7.9708,0.0017,3.0736,13.2527,63.6498,364.0804,268.9348,115.5309,0.0,836.4947,6.15,5.24,set1,174,2jfz
0,6.4046513075,-64.91167919979999,-3.3539490391,7.5,25.0,6.5,4.0,-0.7228103856,-14.026815331099998,6.0,-140.407421057,163.5137,314.2877,64.6664,33.6443,21.8635,7.2801,147.3828,121.5707,0.0,874.2092,6.14,5.74,set1,175,2pqc
0,6.6655757052,-26.0072229018,0.0660507745,0.5,15.0,0.5,3.0,0.0048557038,-6.4783597176,1.0,-73.1404614581,0.0,24.9898,64.3873,50.4485,58.6071,146.6155,48.0188,78.411,0.0,471.478,5.95,5.1,set1,176,2bbf
0,6.4706727424,-6.5918599602,-0.010312869399999999,3.0,21.0,3.0,13.0,-0.0217039691,-1.4337969124,4.0,-17.2585135919,25.7772,57.2956,17.1641,1.8961,8.6223,374.7405,160.8512,26.5635,0.0,672.9105,5.94,5.68,set2,1,1ow4
0,5.5123020433,-42.1508977078,-1.0215681975,9.0,27.0,9.0,1.0,-0.224741336,-7.5215365305,12.0,-145.60086032799998,40.6572,101.398,92.1576,32.4488,87.59700000000001,82.5612,133.0459,268.9463,0.0,838.812,4.85,5.21,set2,2,1nw5
0,6.265992357899999,-49.037459280200004,-1.7262467103,7.0,25.0,7.0,1.0,-0.3930112769,-8.2465033767,10.0,-113.60767688,72.1233,122.6165,68.9567,27.6418,80.6862,150.8907,83.0984,154.0888,0.0,760.1024,5.01,4.28,set2,3,1gx0
0,6.5529483157,-34.5019539643,-0.0587085396,4.0,20.0,4.0,0.0,-0.0541682365,-6.571006839500001,6.0,-68.0226009972,10.329,38.677,103.7668,32.4378,63.9507,148.1976,34.7647,151.4398,0.0,583.5634,6.97,7.15,set2,4,2fqx
0,4.0504931478,-20.4668722009,-0.5590734129,3.5,21.0,3.5,8.0,-0.1237177583,-4.4542940626,4.0,-76.53621209229999,37.431999999999995,6.0863,73.6323,38.7841,76.1177,132.4956,35.2546,112.0415,0.0,511.8441,5.21,5.96,set2,5,1gi9
0,5.3249540275,-8.2928819494,0.2401813005,1.5,14.0,1.5,6.0,0.058085073099999995,-2.3721726740999998,2.0,-34.6325518588,44.4619,15.9049,56.5881,11.0374,79.1437,139.2079,90.2951,94.4404,0.0,531.0794,5.79,6.24,set2,6,1hnn
0,3.4462220811,-18.663660384900002,-0.6051659245000001,8.0,23.0,8.0,0.0,-0.1295049944,-4.760643496,6.0,-46.782358945,0.0,5.6615,90.9141,44.7423,7.6021,28.2803,65.8703,124.1691,0.0,367.2397,3.59,3.49,set2,7,1gzc
0,5.6205578324,-45.1892626744,-1.5884972883000001,5.5,23.0,5.5,0.0,-0.298750477,-5.3691688047,6.0,-82.7660433932,23.3635,78.4675,105.3594,25.8892,80.3513,66.017,120.6343,200.6121,0.0,700.6943,4.83,4.22,set2,8,1ua4
0,5.0271644224,-19.3099090843,-0.21933551469999998,4.0,17.0,4.0,1.0,-0.034386011200000004,-7.2360915621,6.0,-78.1358730984,37.8597,26.4708,67.846,33.2344,26.534000000000002,51.1546,45.4907,156.7211,0.0,445.3113,6.56,6.32,set2,9,1v0l
0,4.929199498,-23.6106690201,-0.9429233996999999,13.5,33.0,11.5,14.0,-0.1756855248,-6.5600191592999995,10.0,-91.60907951709999,47.6386,86.0745,33.1693,52.2569,87.84899999999999,212.0349,85.90100000000001,160.2395,0.0,765.1637,5.75,6.4,set2,10,10gs
0,4.1988121607,-25.358238284699997,-0.6514858179999999,11.0,33.0,11.0,1.0,-0.1460745335,-6.064553999199999,8.0,-60.503536328,0.0,5.8502,138.5101,50.2135,12.7332,66.6842,100.2284,150.5433,0.0,524.7629,4.19,3.51,set2,11,1gz9
0,7.3820487372,-37.2273094083,-0.5933420657,20.0,56.0,16.0,24.0,-0.16782984690000002,-7.1826934901,12.0,-120.95223694399999,60.8306,27.8036,39.0416,51.1937,178.3509,322.2208,530.2647,245.6523,0.0,1455.3582,9.08,10.0,set2,12,1ec2
0,6.570544740800001,-25.1358441167,-0.5215187249000001,3.5,17.0,3.5,4.0,-0.0999306776,-9.4544367134,3.0,-94.6363027706,36.0977,66.8345,39.6461,29.6623,52.9976,72.2055,173.1708,91.2324,0.0,561.8469,6.9,6.41,set2,13,1syh
0,6.2747722332,-48.550517273900006,-1.7202834366,7.0,25.0,7.0,1.0,-0.3890797705,-8.0184099914,10.0,-113.162030361,71.2902,125.8504,69.5418,28.3488,80.1059,148.8761,79.3525,151.4778,0.0,754.8435,5.05,4.28,set2,14,1gww
0,8.6193656833,-34.4810861738,-0.8110712373000001,15.0,48.0,13.0,26.0,-0.20898597079999998,-7.605521135499999,10.0,-98.1276491565,53.2697,38.583,77.1669,34.8981,139.95600000000002,481.9928,356.12,210.1588,0.0,1392.1453,9.17,9.7,set2,15,1eby
0,6.7502644605999995,5.4576497034,-0.20313272059999998,1.0,20.0,1.0,16.0,-0.05237118599999999,-1.9165800304,2.0,-20.1058337531,8.4196,10.7905,52.5977,1.5046,23.4833,142.3607,344.7962,87.7465,0.0,671.6991,8.0,9.04,set2,16,1qkt
0,3.8437443214999996,-15.0926129756,-0.17569285969999998,0.0,8.0,0.0,1.0,-0.0384715505,-5.0851248022,0.0,-56.203319174799994,0.0,3.8056,0.0,42.2991,68.09899999999999,130.6455,13.062999999999999,13.1204,0.0,271.0326,6.13,7.06,set2,17,1ui0
0,7.718860010299999,-0.0354715764,-0.2000593975,2.0,22.0,2.0,15.0,-0.0615764855,-4.7451081778,2.0,-36.467663154899995,16.3625,8.5443,60.7168,3.4522,31.7374,113.7437,325.04200000000003,167.6914,0.0,727.2903,8.14,8.16,set2,18,1lhw
0,5.6159441803,-32.8745450315,-1.1678407733,8.0,23.0,8.0,0.0,-0.2629268254,-7.9484717199,6.0,-87.9058278702,41.8003,51.6193,166.6861,18.4164,80.6145,14.7419,134.6663,253.8962,0.0,762.441,2.62,2.06,set2,19,1q6g
0,5.2724288086,-24.3185822238,-0.8546405432999999,4.0,15.0,4.0,6.0,-0.1642064063,-7.170004113099999,4.0,-59.0214537689,25.5794,108.2212,11.527000000000001,30.0001,10.7096,34.2719,168.9481,125.4065,0.0,514.6638,7.06,7.19,set2,20,1tt1
0,7.2018229093,-35.888176715300006,-0.6110265096,20.0,54.0,16.0,22.0,-0.17287625809999999,-7.3189025831,12.0,-124.655422576,58.7041,30.2255,38.3098,51.8244,173.9641,318.4726,507.401,247.47,0.0,1426.3715,8.66,8.92,set2,21,1ec1
0,3.5549619736,-7.2429863680999995,-0.1921377055,1.5,11.0,1.5,1.0,-0.0485056937,-3.6657996475,2.0,-47.176756518000005,0.0,0.0,84.1201,27.4476,55.7275,33.615,114.0787,100.8651,0.0,415.85400000000004,3.18,2.21,set2,22,1x8d
0,5.6229270051,-9.1464956067,-0.3518918275,3.0,16.0,3.0,4.0,-0.073642396,-4.7110082277,4.0,-58.514025386899995,0.0,0.0,93.0754,45.9235,118.3302,116.9818,85.2652,10.8661,80.0131,550.4553,7.21,7.42,set2,23,2pou
0,8.4211913551,-28.5073749111,-0.4263704021,12.0,45.0,12.0,22.0,-0.12680575119999998,-7.1567279441,6.0,-80.5626320983,55.8859,33.0602,43.3534,37.4055,164.6559,493.504,311.4918,213.25799999999998,0.0,1352.6147,8.35,7.96,set2,24,1g2k
0,8.2469801452,-26.660689142800003,-0.4206125056,7.5,39.0,7.5,15.0,-0.10625336140000001,-5.9454205534,10.0,-89.5410924809,32.1307,30.4238,26.8091,64.7961,150.2836,93.3742,513.4659,182.0567,0.0,1093.3401,8.43,8.3,set2,25,1b6l
0,5.2787148179,-25.614108936300003,-0.8958920209000001,4.0,15.0,4.0,6.0,-0.18588103579999998,-7.6902832399,4.0,-74.7190933059,26.2826,95.9926,36.575,8.7502,10.6599,33.9594,124.4748,153.5317,0.0,490.2262,6.6,6.8,set2,26,1p1n
0,3.3489833118,-13.3496500282,-0.0022958237,2.0,12.0,2.0,6.0,-0.0036454453000000003,-0.2451543627,2.0,-45.0660950336,0.0,33.9595,0.0,7.4225,37.345,250.791,40.415,26.8995,0.0,396.8325,4.28,5.15,set2,27,2afx
0,6.3540698371,-24.3243914646,-0.31113912309999997,14.5,45.0,12.5,20.0,-0.0956544309,-4.7101867189,12.0,-94.5962688864,36.1721,31.0101,27.3858,32.3549,147.0565,265.4229,356.1843,209.9916,0.0,1105.5782,9.63,11.4,set2,28,2i0a
0,5.2997219714999995,-20.3681664516,-1.0889979332,5.5,16.0,4.5,7.0,-0.23532559670000003,-8.4615479749,6.0,-63.0465608278,23.9053,80.6586,96.2598,37.5276,49.2081,178.3736,114.9369,53.1288,0.0,633.9987,6.13,6.19,set2,29,1iy7
0,3.5606978654000003,-23.5465986686,-0.8981438352,2.0,8.0,2.0,2.0,-0.1802038232,-5.7148259672,2.0,-39.0546090359,13.6198,90.8121,5.8788,11.3997,1.295,13.6405,84.4254,76.078,0.0,297.1493,4.05,2.47,set2,30,1tok
0,5.7293564041,-22.3304062345,-0.6004129093,3.5,22.0,3.5,11.0,-0.1466613255,-5.3832004684,4.0,-86.85649707620001,38.961,7.2347,71.0872,36.4406,79.1263,128.9129,43.6191,94.8836,101.0952,601.3606,5.94,5.22,set2,31,1gjd
0,4.4359348079,-24.6571318682,-0.583564644,5.5,25.0,5.5,11.0,-0.1296883669,-4.374240964,8.0,-85.3100287649,36.6476,12.9442,76.215,31.4399,95.3289,121.1938,128.542,100.8033,26.6855,629.8002,5.74,6.96,set2,32,1gj8
0,6.0791944596,-23.680240546599997,-0.6736592207,12.5,35.0,11.5,16.0,-0.15413558859999998,-3.9891880536,12.0,-77.3233348811,0.0,56.5173,43.2601,64.0177,60.2389,353.7215,281.1883,252.4978,0.0,1111.4416,6.64,7.96,set2,33,1qxl
0,3.942288703,-19.9966464317,-0.7541450784,15.5,26.0,14.5,7.0,-0.14834101759999999,-8.3904801288,14.0,-84.5803309082,74.6141,89.4084,18.989,40.1368,98.6723,15.5668,267.8826,188.4076,0.0,793.6776,5.57,5.89,set2,34,1ydk
0,4.8243911119,-13.9225423927,-0.1931425868,2.0,11.0,2.0,1.0,-0.054388283499999995,-4.9119771528,2.0,-53.5101419371,22.0783,0.0,105.4631,4.365,21.7452,28.125999999999998,101.6015,94.9977,0.0,378.3768,3.57,2.22,set2,35,2aac
0,9.1479919263,1.2027989067,-0.0034694077,5.5,35.0,5.5,20.0,-0.0079657014,-1.6715723657,6.0,-39.3112571869,4.5151,0.0,23.2967,17.3085,110.4878,173.8606,456.7447,139.8889,67.148,993.2503,9.74,10.1,set2,36,1sr7
0,4.6837810789,-12.264238861099999,-0.412514776,3.0,11.0,3.0,8.0,-0.09068870359999999,-3.9409390814,3.0,-22.005352806100003,0.0,49.528999999999996,0.0,0.0,0.0,151.6161,61.7466,18.8394,0.0,281.7311,5.07,3.39,set2,37,1toj
0,6.0646640227,-8.5010684161,-0.3114031795,5.0,26.0,5.0,13.0,-0.0604249062,-2.5666722174000003,6.0,-25.037109027800003,26.4985,35.2338,0.5168,11.7051,61.9478,244.4718,245.5176,43.7219,29.0749,698.6882,6.72,6.64,set2,38,2d3z
0,8.9874162955,-31.9580199369,-0.655446664,14.5,47.0,12.5,27.0,-0.1671550361,-6.547344452100001,10.0,-94.0206332693,56.4721,35.291,63.5257,36.2772,143.9929,485.0506,364.9855,206.0379,0.0,1391.6329,9.25,8.85,set2,39,1d4i
0,6.225327672300001,-32.4186883314,-0.4937928029,3.5,19.0,3.5,0.0,-0.1371479602,-5.7456252123,4.0,-63.3839588929,9.3272,41.5666,69.2619,33.1035,61.7412,174.8566,36.6252,143.2518,0.0,569.734,6.52,6.68,set2,40,2fqw
0,4.1663405584,-12.6444507375,-0.2173770964,2.5,13.0,2.5,7.0,-0.048850434000000005,-1.3624283354,4.0,-21.429218415799998,10.1631,40.5705,37.919000000000004,6.2939,17.625,146.0179,55.1253,80.0441,34.1154,427.8742,4.29,3.64,set2,41,1gyy
0,6.2876009733,-18.364719200499998,0.1082411193,6.5,19.0,6.5,11.0,0.0222834262,-3.9853372311,10.0,-50.267866750500005,31.2703,47.8988,51.1009,23.0997,17.1395,276.6421,151.2514,77.6354,0.0,676.0381,5.19,4.36,set2,42,1dy4
0,6.4460421482,-32.002608794000004,-0.9321337618000001,3.0,17.0,3.0,0.0,-0.1990105068,-7.9618652473000004,4.0,-95.7861583691,46.1114,78.6635,120.7711,138.2401,159.8776,28.9387,194.4847,229.1618,0.0,996.2489,5.56,5.52,set2,43,1a8i
0,3.3672178732,-13.7601036973,-0.4316295254,4.0,13.0,4.0,0.0,-0.0958378034,-3.9965082838,4.0,-42.253373595700005,0.0,17.8748,47.5831,7.5554,8.564,82.2829,11.1832,161.7366,0.0,336.78,3.39,3.0,set2,44,1ws4
0,3.4653955097000004,-24.9958282106,-0.7636070993999999,10.0,20.0,9.0,2.0,-0.1531673818,-8.011588534400001,8.0,-82.8652845902,53.3566,86.925,37.342,55.336000000000006,52.2359,12.8315,76.4231,153.4602,0.0,527.9103,4.88,5.62,set2,45,1xw6
0,5.0973667503,-25.926693034699998,-0.5172278084,3.5,13.0,3.5,0.0,-0.1033780806,-9.253856537999999,4.0,-92.8435431871,36.7226,45.6405,0.0,18.0,55.8895,57.3616,0.0,63.3188,0.0,276.933,6.13,6.6,set2,46,1s9t
0,5.5253875049,-14.207297880499999,-0.0494225562,5.5,25.0,5.5,14.0,-0.0099387895,-0.5650366866,8.0,-28.7078670677,10.0781,14.2415,28.8043,8.0659,56.9659,184.2984,170.8842,201.4078,0.0,674.7461,5.77,4.86,set2,47,2brb
0,6.174196084400001,-6.834520456900001,-0.2779707053,5.0,27.0,5.0,13.0,-0.0560533058,-2.101228803,6.0,-23.538346906100003,9.5537,32.7973,0.4239,11.6034,86.0743,254.0181,222.2304,65.4202,0.0,682.1213,6.83,6.92,set2,48,2d3u
0,11.0723836252,-3.2093268158,-0.41044633420000004,3.5,29.0,3.5,24.0,-0.08774740869999999,-1.9911172841999998,4.0,-28.7776146318,3.6916,43.3581,37.0004,5.7404,19.5436,315.4227,389.29699999999997,111.2245,0.0,925.2783,10.09,7.12,set2,49,1fcx
0,5.5300818409,-18.6539783169,-0.0123006273,1.0,13.0,1.0,4.0,-0.0139289751,-6.9466417383,2.0,-61.077052159,0.0,27.2315,113.7147,32.3572,48.6957,122.0195,36.3998,70.6181,0.0,451.0365,5.86,6.46,set2,50,1r5y
0,5.2944628482,-28.0195160423,-1.4007091784999999,5.0,20.0,5.0,0.0,-0.3141317623,-11.9262906785,6.0,-114.456376155,50.5956,24.7933,121.0363,43.5332,16.1298,54.5742,17.4559,157.3224,0.0,485.4407,5.92,6.43,set2,51,1fh9
0,5.7858938133,-15.9330238129,-0.4359791211,0.5,13.0,0.5,5.0,-0.0987130842,-4.0387866474,1.0,-45.5760026118,0.0,11.9306,47.7269,50.2589,63.2034,149.7661,57.5702,45.0279,0.0,425.48400000000004,5.63,5.08,set2,52,1enu
0,6.6880938482,-18.6930146547,0.0323175694,12.0,49.0,12.0,19.0,0.0107382936,-1.1962635108,10.0,-55.2600216952,5.4026,7.0863,80.5108,23.125,110.7331,255.0799,304.3765,291.1188,0.0,1077.433,7.46,8.55,set2,53,2byr
0,7.0921954939,-8.1383136017,0.113177507,15.0,36.0,15.0,22.0,0.009682068,-2.8787868822000005,16.0,-48.354829476800006,2.2038,11.9182,84.1093,47.6592,85.773,346.5632,409.8283,149.8469,0.0,1137.9019,8.29,8.35,set2,54,1h23
0,2.93249302,-11.4021240547,-0.5050151999,1.0,8.0,1.0,2.0,-0.0947375684,-2.4047176254,1.0,-22.3625110918,24.5145,38.6034,0.4733,6.5696,45.5151,115.53299999999999,62.5954,54.085,0.0,347.8893,3.13,1.4,set2,55,2hdq
0,6.221161449099999,-22.2502577822,-0.07323164160000001,6.5,30.0,6.5,8.0,-0.0076576356000000005,-2.7296096860000003,6.0,-63.094670436899996,10.0828,19.6266,50.6447,9.3371,138.3524,129.0321,242.0601,131.1518,60.1233,790.4109,7.43,8.52,set2,56,2fvd
0,3.9142913897000002,-25.2173862,-1.1900435156,4.5,10.0,4.5,2.0,-0.2393744615,-8.475242233200001,6.0,-72.0338157555,38.9612,98.3319,18.4886,7.5705,5.404,22.3296,63.5214,85.3714,0.0,339.9786,6.59,7.24,set2,57,1txf
0,2.8014403617,-13.353434836600002,-0.6305446785000001,2.0,11.0,2.0,4.0,-0.1266663881,-2.813007499,2.0,-29.185618444299998,0.0,36.7894,62.1824,26.0238,18.18,82.397,17.9898,48.847,0.0,292.4094,2.7,1.72,set2,58,2hdr
0,7.6141469779,-33.7989844832,-0.7130402988,16.5,46.0,13.5,22.0,-0.1857270029,-7.271475119700001,10.0,-106.76770659299999,61.6396,38.9143,55.6502,45.82899999999999,164.757,345.2291,429.7864,223.2412,0.0,1365.0468,8.83,9.4,set2,59,1ebz
0,5.109784736,-15.8824350076,-0.8306334156,3.5,12.0,3.5,7.0,-0.16852666239999997,-5.5884163006,4.0,-49.599268610799996,34.4782,55.1224,7.4648,3.6004,19.8507,208.1199,56.1108,56.1381,0.0,440.8853,6.04,6.74,set2,60,1usi
0,2.7917802983999995,-5.654137004600001,0.0963292417,2.5,9.0,2.5,7.0,0.018117203000000002,-1.73397036,3.0,-20.2354854455,44.7175,4.5934,23.4768,17.2263,50.0127,109.9614,48.346000000000004,82.779,0.0,381.1131,2.92,3.01,set2,61,1utm
0,4.3138380625,-24.631474388,-1.1981999244,4.5,10.0,4.5,2.0,-0.2270811691,-7.2900617563,6.0,-56.4160459446,42.5567,110.9023,15.8033,31.6552,12.9905,24.1726,102.5966,91.7724,0.0,432.4496,5.92,5.85,set2,62,1s50
0,4.2264353941,-22.271272270700003,0.2158514372,1.0,10.0,1.0,2.0,0.0102615251,-2.6146644681,1.0,-38.5729995019,14.8146,45.0436,13.5604,3.0207,8.5542,56.9038,65.2603,150.4594,0.0,357.61699999999996,6.2,7.3,set2,63,1sw1
0,4.0848864939,-29.0255122471,-1.1054941233,4.0,14.0,4.0,1.0,-0.20505446440000002,-4.0939304256,6.0,-56.2562551481,18.3457,93.6215,6.3044,14.1546,24.4749,97.8931,50.0571,98.9504,56.3725,460.1742,4.48,3.8,set2,64,2hb1
0,4.1564164387,-10.3728542122,-0.3939648139,2.5,12.0,2.5,6.0,-0.09014592099999999,-4.4815872255,4.0,-31.6464553896,0.0,47.4888,27.5094,0.0,0.0,108.3113,29.951,27.3766,50.0365,290.6736,5.15,5.39,set2,65,2h6b
0,7.8519811104,-30.462206445,0.2516970935,12.5,44.0,12.5,19.0,0.0516303611,-4.8021223555,12.0,-110.56524104399999,10.0614,21.1961,104.9334,31.5494,134.1612,329.6876,333.3135,263.1469,0.0,1228.0495,7.61,7.1,set2,66,2il2
0,2.9016057561,-2.7271598294,0.33706799460000003,4.0,6.0,4.0,2.0,0.0586718651,-2.7526192673,6.0,-27.912631879499997,80.4252,15.173,10.7311,1.3864,10.3129,55.052,66.4109,78.154,0.0,317.6455,5.16,5.7,set2,67,1a99
0,3.8099524372,-8.3873994708,-0.33626115560000003,4.5,15.0,4.5,7.0,-0.0655153268,-2.3907006315,6.0,-37.5668419293,0.0,10.0945,50.4097,18.6643,93.9442,223.3366,120.3999,25.7342,0.0,542.5834,5.47,5.82,set2,68,2nn1
0,3.6091815544,-19.320258628199998,-0.5413963039,8.5,26.0,8.5,1.0,-0.12288891460000001,-5.3612397778,8.0,-50.9432056633,0.0,5.8581,78.4009,55.1721,12.2691,26.6236,91.0994,124.6366,0.0,394.0598,3.96,3.99,set2,69,1ax2
0,3.4518479494,-18.5686367554,-0.5017218298,9.0,27.0,9.0,1.0,-0.12044639289999999,-4.6233268331,8.0,-43.41779630560001,0.0,19.8445,76.1663,10.4681,19.0846,101.0397,36.5011,180.4039,0.0,443.5082,3.81,5.91,set2,70,1ugx
0,5.2905460116,-20.6849094383,-0.2415235872,3.0,17.0,3.0,3.0,-0.0444128195,-2.6688106999000003,4.0,-47.927923627,27.9756,6.4614,66.6669,18.1329,61.8766,117.0647,146.2771,119.0641,0.0,563.5193,4.8,4.57,set2,71,1w2g
0,8.0402313189,-4.4706288849,0.0023178283999999998,8.5,37.0,8.5,20.0,-0.008574498100000001,-3.3365066468999998,12.0,-57.314989283900005,40.6057,30.3266,30.6545,1.6263,75.5749,426.2006,382.5871,235.1991,0.0,1222.7748,8.56,9.29,set2,72,2ayr
0,5.0175263638,-33.029274746999995,-1.4883538986000002,8.5,24.0,8.5,0.0,-0.3318015364,-8.542921355499999,6.0,-74.9564506699,32.4326,91.5556,183.5852,7.49,36.8913,52.4804,120.1059,252.3663,0.0,776.9073,3.98,3.96,set2,73,1x9d
0,3.7084520910000003,-16.2267132089,-0.6219481757,2.0,11.0,2.0,4.0,-0.1063927245,-2.9376201151,2.0,-30.7096199569,0.0,38.1583,75.7645,14.2651,20.4356,196.2234,45.9275,61.0206,0.0,451.795,4.0,4.0,set2,74,2buv
0,4.6378205955,-17.6210997036,-0.7139204868000001,2.5,11.0,2.5,1.0,-0.1914042155,-7.9371172947,4.0,-70.2721341433,0.0,24.9677,74.5965,29.4413,39.1123,53.7054,10.8088,117.2852,0.0,349.9172,5.8,6.89,set2,75,1uz1
0,-0.2049077664,-5.781221482,-0.23888302320000002,0.0,5.0,0.0,1.0,-0.06771579679999999,-1.7624664465,0.0,-49.360260894300005,5.3389999999999995,7.7907,0.0,25.4134,83.2915,8.2037,61.0506,27.8155,0.0,218.9044,1.13,5.59,set2,76,4ubp
0,9.1549600813,0.7254582845,-0.07576951700000001,2.0,27.0,2.0,19.0,-0.0218726718,-1.4245402686000002,2.0,-27.337216309400002,14.7608,0.0,52.5134,45.8278,62.8638,209.3571,510.4616,133.0194,0.0,1028.8039,8.91,8.7,set2,77,1lnm
0,6.3473510687,-15.5342032952,0.4245146724,5.0,22.0,5.0,10.0,0.0831851009,-0.5052352469,6.0,-55.3380576963,0.5242,2.3478,33.661,9.5232,52.9746,184.0987,216.1107,198.0523,0.0,697.2925,6.76,6.4,set2,78,1i7z
0,7.431955396799999,-7.3036606609,-0.0763122996,0.5,18.0,0.5,12.0,-0.015682016200000003,-1.9797921986000002,1.0,-29.9812643869,18.3131,13.1968,50.8219,30.5072,47.5656,190.2773,256.6407,78.5826,0.0,685.9052,7.21,5.37,set2,79,1gpk
0,4.100795892,-12.6674016396,-0.1560720022,2.5,11.0,2.5,5.0,-0.0349948079,-3.4208800016,4.0,-42.5154935821,45.1395,1.5578,0.0,6.1663,92.6075,164.7994,46.8304,62.781000000000006,0.0,419.8819,4.98,5.37,set2,80,2hj4
0,3.3627729238,-17.6988716483,-1.0752449956999999,2.0,11.0,2.0,1.0,-0.2687213964,-6.3887492443,2.0,-61.920785706000004,0.0,41.8162,81.8638,5.2419,10.5716,0.0,38.4955,80.3943,0.0,258.3833,4.04,5.18,set2,81,1uzv
0,1.3000596807,-4.825146606600001,-0.2847554878,0.5,5.0,0.5,1.0,-0.0753734324,-3.5009551049,1.0,-31.0427784498,0.0,5.1999,31.3689,17.852,42.4655,16.0431,62.0543,12.9691,0.0,187.9528,1.96,2.1,set2,82,1y93
0,8.452372015,-34.901984740500005,-0.5964887378,15.5,47.0,13.5,26.0,-0.1623506766,-5.9559021255,10.0,-88.8872594949,63.7867,33.7187,57.6045,37.6808,142.8558,472.472,340.9399,200.5408,45.8304,1395.4296,8.61,8.36,set2,83,1d4j
0,4.8146430298,-30.224482335999998,-1.2672800126000001,4.0,17.0,4.0,3.0,-0.2243672561,-3.9946085447,6.0,-57.597551636599995,17.3141,91.9545,5.9208,13.3118,37.2884,160.2158,60.7195,100.2252,0.0,486.9501,5.26,3.64,set2,84,2azr
0,3.7806568466000003,-17.1858320678,-0.5128708778,4.0,15.0,4.0,1.0,-0.1162654999,-4.4115976097,4.0,-41.0043794888,0.0,5.7587,76.4539,41.7163,23.1162,52.3914,88.402,107.2636,0.0,395.1021,3.85,3.13,set2,85,1ax0
0,4.4690005370999994,-20.0031964974,-0.1213705903,5.0,20.0,5.0,4.0,-0.0131881502,-1.554118612,5.0,-67.3600174755,1.7905,8.6684,29.985,17.0344,65.3325,226.3398,86.9188,163.3511,0.0,599.4205,4.81,4.37,set2,86,2a3c
0,4.9978174875,-19.5431589043,-0.1926364787,4.0,17.0,4.0,1.0,-0.0338505635,-7.1176916063,6.0,-78.0770398655,35.4699,22.2312,70.5965,31.8391,27.2622,57.1488,47.2746,157.3478,0.0,449.1701,6.37,6.89,set2,87,1fh8
0,5.1169435984,-24.3340368581,-0.3195449185,7.0,21.0,7.0,1.0,-0.0867865368,-9.555584984400001,8.0,-69.7860429854,56.1368,57.9916,128.3355,5.9344,2.8802,88.7178,22.8379,195.9388,0.0,558.773,5.81,6.0,set2,88,2bvd
0,5.2062019965,-25.5236989589,-0.5254355615,7.0,21.0,7.0,0.0,-0.1099281463,-11.0972195966,8.0,-101.71817806,42.3528,30.8193,141.2847,18.6626,30.2921,37.1769,27.2085,189.1679,0.0,516.9648,5.63,4.3,set2,89,1w3k
0,8.422372273999999,-23.968040017899998,-0.5834839601,10.0,41.0,9.0,22.0,-0.1372726535,-4.7823841395999995,8.0,-81.60453997350001,43.9372,30.2703,48.0359,33.5877,152.4873,327.4545,443.11,151.4198,0.0,1230.3027,9.57,10.39,set2,90,1kzk
0,7.185304714500001,20.1111735603,-0.1487150975,5.5,28.0,5.5,26.0,-0.0295743168,-0.8661710061,10.0,-6.6411358184000004,7.8202,1.7013,18.6634,30.975,24.3566,65.4503,746.6575,57.1986,0.0,952.8229,7.03,6.52,set2,91,1zhy
0,4.6100579989999995,-19.250591747999998,-0.587232094,3.5,25.0,3.5,17.0,-0.1288448534,-3.6847236894999997,4.0,-64.7581817475,38.2349,14.0268,73.9034,33.6335,95.5665,234.9152,63.1309,131.0619,0.0,684.4731,5.59,6.42,set2,92,1o5a
0,3.9852345425,-17.3749551294,0.20713757600000002,0.5,10.0,0.5,4.0,0.0332344319,-3.4219875715,1.0,-67.2876513521,0.0,5.9252,107.5506,32.485,43.198,136.3935,14.1621,71.8819,0.0,411.5963,4.09,3.96,set2,93,2fpz
0,5.6693495872,-34.9995169058,-0.5552812696,4.0,19.0,4.0,0.0,-0.1525732549,-5.5212432864,4.0,-71.3691857967,9.7902,36.671,109.6993,13.877,66.6535,111.9337,33.0598,194.5155,0.0,576.2,5.98,6.57,set2,94,2fqy
0,4.9901745217,-29.6251549919,-1.0893206688,3.0,16.0,3.0,0.0,-0.2715673376,-9.230465541900001,4.0,-90.1129212849,17.8212,39.8381,105.0315,14.7965,26.8054,48.0864,2.0158,142.4858,0.0,396.8807,5.67,2.28,set2,95,1ps3
0,5.8489152740999995,-2.2150884557,-0.1994432659,19.0,50.0,19.0,28.0,-0.0423370428,-2.63029514,20.0,-39.3594181403,2.4806,0.0,91.6081,21.1342,83.2561,97.939,701.0161,135.395,0.0,1132.8291,7.23,8.15,set2,96,2fxu
0,7.507196801,-21.6615293686,-0.0736203913,14.5,41.0,13.5,25.0,-0.0168996096,-7.949792001900001,10.0,-80.8990032774,55.4645,18.8985,58.7241,42.6581,149.8251,359.4946,329.5002,132.0185,33.4731,1180.0567,7.97,7.59,set2,97,2fdp
0,4.9666001531,-21.749005386,-1.2714462358,3.5,13.0,3.5,0.0,-0.31614152489999997,-11.2905235512,4.0,-85.1372185209,29.1292,41.9646,115.6383,12.7059,6.6797,56.2656,0.7319,114.2119,0.0,377.3271,5.99,5.98,set2,98,1uwu
0,5.9308974514,-32.5341103178,-0.4970568334,3.5,19.0,3.5,1.0,-0.1520158025,-7.230905787799999,4.0,-83.2096434754,14.0294,39.535,92.8248,49.7028,31.5614,143.1241,29.896,171.7649,0.0,572.4384,7.23,8.21,set2,99,2ff1
0,4.1346244508,-24.0095408821,-1.0246268508,4.5,10.0,4.5,2.0,-0.2071155713,-7.4584343858,6.0,-55.0995194134,43.7364,113.1405,16.7268,32.1245,13.5626,24.2276,104.6,90.384,0.0,438.5024,5.73,5.85,set2,100,1s7y
0,7.2348666338,17.1290306022,-0.2041449368,6.0,29.0,6.0,25.0,-0.0360730382,-0.8642419273999999,12.0,-7.908804580700001,8.6853,7.5155,36.7732,32.2511,29.2867,78.3716,783.4017,65.1032,0.0,1041.3883,7.42,7.26,set2,101,1zhx
0,6.0348989985,-24.855672941399998,-0.9117794143000001,2.5,13.0,2.5,3.0,-0.2088466077,-7.522079313099999,2.0,-77.1239429595,13.220999999999998,57.6869,98.2761,11.4663,13.8564,15.0704,84.5437,82.6432,22.9885,399.7525,5.39,4.82,set2,102,1v1j
0,5.5190134768,-29.4919825475,-0.4713993532,4.5,20.0,4.5,2.0,-0.13559296140000002,-5.190013872200001,4.0,-105.046821694,11.443,16.7335,104.5832,13.6238,84.7293,133.6513,66.8945,217.2701,0.0,648.9287,6.04,6.12,set2,103,1nc1
0,3.3586947194,-16.1489779387,-0.42244623060000003,1.5,7.0,1.5,2.0,-0.08163743700000001,-6.0752922927999995,2.0,-46.8495686337,39.4355,45.205,0.0,0.0,0.0,0.0,91.5449,29.541999999999998,0.0,205.7274,4.63,5.32,set2,104,1y20
0,5.717701247999999,-30.628598651500003,-1.0297759506,4.5,21.0,4.5,0.0,-0.2424844591,-9.5461082936,6.0,-112.783006738,14.8317,24.6227,115.2488,41.02,20.1808,58.4754,21.461,203.0265,0.0,498.8669,5.9,6.82,set2,105,1fhd
0,6.8642854811000005,-32.428949856500005,-0.6985318666,3.5,19.0,3.5,0.0,-0.19306923780000002,-8.5498014917,4.0,-124.067280955,13.0872,17.6719,138.9268,52.1306,93.8064,66.923,110.9329,222.8393,0.0,716.3181,5.69,5.0,set2,106,1nc3
0,7.5298396373,-19.5829507368,-0.3122246883,6.5,32.0,6.5,17.0,-0.081490739,-5.174463884200001,8.0,-76.5963729421,0.0,10.1377,36.4986,39.5301,132.0665,280.2719,292.0302,102.402,0.0,892.937,8.72,10.52,set2,107,2fv5
0,4.858931156000001,-5.4345374335,-0.24204436510000002,3.5,20.0,3.5,9.0,-0.0487477454,-3.0167196767,4.0,-38.6534413502,0.0,0.0,63.816,29.4861,102.535,200.0292,76.6902,25.0247,0.0,497.5812,7.77,7.8,set2,108,2hd6
0,6.9220991628999995,-25.4037073298,-0.7775507443,5.0,27.0,5.0,11.0,-0.1455170811,-3.0850516051,4.0,-65.1246480213,17.7454,38.7278,58.8555,59.4466,57.7056,150.975,215.2641,88.15799999999999,0.0,686.878,7.06,6.17,set2,109,1yc1
0,5.643163994199999,-31.0628394013,-0.59852784,13.0,37.0,13.0,18.0,-0.1630768317,-7.327785147,14.0,-63.930328259,62.0344,79.4921,78.8768,17.0097,40.9875,170.4474,307.0567,165.4673,51.2621,972.6339999999999,6.83,7.57,set2,110,3cd0
0,8.218975497,-34.4220035543,-0.5268878717000001,13.5,49.0,11.5,18.0,-0.1368325595,-8.2262077084,14.0,-117.91515558399999,44.4241,43.2497,27.2018,98.9634,197.1722,99.1251,569.1864,194.8678,0.0,1274.1905,8.52,7.92,set2,111,1b6j
0,6.277904235499999,-15.6627694224,0.1671843757,4.0,23.0,4.0,7.0,0.016928949199999998,-2.2841171996000003,6.0,-41.0099026685,14.0334,25.6077,24.4824,11.7509,78.1214,206.7265,291.0706,125.4452,0.0,777.2381,7.14,6.66,set2,112,1pxp
0,3.9430441977,-25.640976675,-1.0244434783,10.0,17.0,10.0,1.0,-0.2115678556,-8.8488820392,10.0,-108.391426071,62.0529,45.071000000000005,113.1871,26.4911,83.0849,46.1617,67.4595,171.1596,0.0,614.6678,4.62,6.14,set2,113,2fqt
0,5.607699752699999,-33.2793361578,-1.084758361,8.0,23.0,8.0,0.0,-0.2571029148,-8.291569002300001,6.0,-89.4745429332,39.3529,54.5247,152.9046,17.3492,79.9368,13.8467,135.5951,251.8986,0.0,745.4086,2.92,2.62,set2,114,1q6e
0,5.0265482908,-35.0928828479,-1.0025781414,8.0,23.0,8.0,0.0,-0.1947782695,-6.9929396271,6.0,-92.5845918775,91.5133,41.3709,144.3292,19.3518,37.7977,78.5153,63.6909,225.9486,0.0,702.5177,4.2,3.94,set2,115,1z3t
0,6.4297293306,-37.4954660174,-0.8731464959999999,8.0,23.0,8.0,0.0,-0.2139883726,-9.889051543099999,6.0,-138.02541228200002,2.3569999999999998,15.7811,206.8183,39.527,64.7516,50.6362,82.2402,241.4306,0.0,703.5419999999999,5.66,5.17,set2,116,2f5t
0,5.392750508200001,-35.840155125,-0.46739449780000003,9.0,27.0,9.0,1.0,-0.0885029034,-5.3777726424,12.0,-111.607053566,52.8793,44.5923,82.7438,14.3815,106.5789,81.7159,118.1519,227.1591,0.0,728.2027,6.14,6.54,set2,117,2h21
0,6.3296739597,-11.822927267699999,-0.2174504454,1.0,24.0,1.0,13.0,-0.057813681799999996,-2.0198334177,2.0,-38.677147747,0.0,18.1479,53.206,35.407,57.2445,76.6544,273.7643,94.9619,38.6631,648.0491,6.81,6.68,set2,118,2iwx
0,5.9564669128,-24.2830593031,-0.0471267325,5.0,30.0,5.0,8.0,-0.011523127900000001,-1.1655816240999999,6.0,-92.0439950777,0.0,22.4113,23.4249,54.7165,175.6139,216.1515,151.27700000000002,263.6107,50.5022,957.7080000000001,7.12,7.05,set2,119,2j2u
0,5.454833101799999,-27.9017175483,-0.5587140028,3.5,13.0,3.5,0.0,-0.11149048,-9.3007118792,4.0,-102.06240491700001,43.0829,50.1141,25.8492,26.046999999999997,55.1581,75.1943,14.1031,117.3893,0.0,406.93800000000005,6.11,5.76,set2,120,1p1o
0,5.8587220354,-20.9386823085,-0.0549310661,1.0,13.0,1.0,4.0,-0.0193934756,-5.770307150800001,2.0,-57.3024612747,0.0,23.5425,111.2026,34.760999999999996,50.0004,121.9167,45.6833,72.8028,0.0,459.9093,6.19,6.46,set2,121,1q4w
0,3.8284070456,-26.923197878899998,-1.0821984809,11.0,20.0,10.0,3.0,-0.2588412861,-9.6001004925,10.0,-80.2646077764,16.3756,66.9819,95.6007,36.2886,66.0158,10.3273,156.4376,190.6347,0.0,638.6622,3.28,3.05,set2,122,1f74
0,4.122287149,-23.0849620673,-0.736717356,1.0,11.0,1.0,1.0,-0.14887646529999998,-5.1411340986,1.0,-68.3164150865,8.2051,64.6067,0.4555,48.5884,80.0721,25.3817,45.8402,93.9329,0.0,367.0826,4.49,4.68,set2,123,1xge
0,7.1247697848,-9.7643068988,0.0564127159,13.0,34.0,13.0,20.0,0.0020024277,-2.8165502556999997,14.0,-48.2334368818,3.3692,11.5637,65.6539,42.3969,87.7165,328.1302,361.79,128.2819,0.0,1028.9023,8.4,9.1,set2,124,1h22
0,2.5818187859,-12.449819166,-0.6178699713,4.0,15.0,4.0,1.0,-0.1602162207,-5.838639079199999,4.0,-38.2774910507,0.0,40.5207,49.5142,31.2069,14.6562,1.923,57.2234,57.3393,0.0,252.3837,2.41,1.84,set2,125,1rdn
0,7.935870361699999,-23.0145616971,-0.1822135858,11.5,43.0,10.5,21.0,-0.0277185871,-4.949619859599999,14.0,-78.4184354511,66.8626,44.9207,10.0481,41.7646,123.0256,215.0817,590.827,172.1889,0.0,1264.7192,8.44,8.4,set2,126,1b6m
0,5.390660061699999,-17.7382013821,-0.2470981112,3.0,18.0,3.0,6.0,-0.0567061119,-2.3340972081999998,4.0,-51.69272241979999,32.6127,17.246,60.9441,19.6086,64.3907,122.8028,240.3759,96.4525,0.0,654.4333,5.35,4.94,set2,127,1e2k
0,2.6924584175,-10.1236436498,-0.2360517518,0.0,9.0,0.0,1.0,-0.052283167199999994,-0.492098441,0.0,-18.780703384200002,0.0577,13.9945,40.4574,24.2815,52.325,94.0386,71.2624,122.5837,0.0,419.0008,3.46,3.84,set2,128,1bky
0,4.4079668342,-17.8395990397,-0.8746281458,2.5,11.0,2.5,1.0,-0.21201528449999998,-6.2844763059,4.0,-62.7374461371,0.0,28.2673,70.726,61.7195,25.5474,40.9613,11.4539,119.7188,0.0,358.3942,3.96,3.4,set2,129,1uz4
0,5.5815214946000005,-24.7459355025,-1.2435222715,2.0,11.0,2.0,4.0,-0.28472614820000003,-6.912717825800001,2.0,-74.2404910809,0.0,61.1162,64.7989,6.2639,5.1697,128.0494,40.005,62.3555,0.0,367.7586,5.78,5.85,set2,130,1u1w
0,4.9946414758,-21.8487013468,-1.2663484803,3.5,13.0,3.5,0.0,-0.3180339291,-11.6111100255,4.0,-87.156509156,28.2793,41.7407,118.4618,14.6665,6.4234,56.0183,1.9041,112.03200000000001,0.0,379.5261,5.93,6.42,set2,131,2j78
0,4.5980727724,-15.4971840549,0.2570369007,6.5,19.0,6.5,11.0,0.0760775828,-1.9337290266,10.0,-43.1892041471,33.3695,46.2676,31.9331,17.9062,18.0843,245.513,156.9407,86.6553,0.0,636.6697,4.67,3.57,set2,132,1h46
0,2.9804192566000003,-15.012369169600001,-0.6525640483,4.0,15.0,4.0,1.0,-0.1620206061,-5.3918483155,4.0,-49.7625874942,8.9856,18.754,56.1167,42.9761,23.653000000000002,34.9653,60.5524,80.0623,0.0,326.0654,3.41,3.7,set2,133,1bcj
0,5.9824617984,-21.0202463965,0.001613678,5.0,31.0,5.0,11.0,0.0001540329,-0.36876943240000004,6.0,-65.06464120439999,0.0,79.0423,17.8747,17.4662,127.1387,240.5748,112.3453,216.3304,50.6537,861.4261,7.59,8.22,set2,134,2cji
0,3.9966989912,-11.9077993956,-0.7989833220999999,3.5,9.0,3.5,4.0,-0.15877124539999998,-5.3086705494999995,4.0,-49.14057330439999,36.2079,46.8365,0.0,0.0,0.0,0.0,141.3531,36.8058,0.0,261.2033,5.44,6.4,set2,135,1usk
0,6.5041272213,-18.7356670982,-0.3243932874,13.5,40.0,11.5,24.0,-0.0984857023,-3.1827891476,10.0,-53.511616251999996,39.1483,28.61,22.625,34.2155,139.4961,284.3977,504.9388,109.3321,75.7524,1238.5159,7.3,7.35,set2,136,1xl5
0,6.0526787961,-19.8362468385,0.0046796662,5.0,30.0,5.0,8.0,0.0006454712000000001,-0.518210685,6.0,-81.6327720036,0.0,7.0464,15.353,18.4126,142.0843,208.1821,113.3885,212.4697,50.5499,767.4865,7.38,7.82,set2,137,2j34
0,4.6743630673,-8.8264079056,-0.5201837731,2.0,14.0,2.0,11.0,-0.1423924137,-0.0,2.0,-17.9813386473,0.0,57.3114,0.3653,7.6736,20.8866,276.9516,118.4651,45.843999999999994,0.0,527.4976,5.29,6.82,set2,138,1lrh
0,4.56377478,-24.551091218899998,-0.6310654564,8.0,23.0,8.0,0.0,-0.159460726,-5.3760709455999995,6.0,-55.6366394706,0.0,6.8437,122.2559,42.4391,17.6174,113.5721,39.6667,206.7436,0.0,549.1385,5.24,5.82,set2,139,1urg
0,6.196193449500001,-23.8523539751,-0.3700750446,14.5,45.0,12.5,20.0,-0.10645873859999999,-4.4738929154000004,12.0,-93.6744846685,22.3275,29.8364,28.796,28.9516,159.9588,244.2535,365.60699999999997,214.8833,0.0,1094.6141,9.36,12.1,set2,140,2i0d
0,3.0639931072000004,-21.808579443800003,-0.5473082333,11.5,36.0,11.5,2.0,-0.1364511447,-6.3581627113,8.0,-70.023869783,62.508,25.4898,75.2649,16.4086,15.1236,31.5686,33.7617,111.8493,0.0,371.9745,4.57,5.35,set2,141,1uld
0,4.7457756537,-5.5967120725,-0.0828550304,5.0,23.0,4.0,15.0,-0.015623337,-0.9193930404999999,8.0,-21.0183613272,48.5043,0.0,26.9628,9.4902,34.8607,356.7345,198.3531,45.7876,0.0,720.6932,4.78,5.54,set2,142,1ha2
0,6.4429468203999996,-27.9233995127,-0.5834619554,3.5,17.0,3.5,4.0,-0.1071995635,-9.2853305939,3.0,-91.6584433941,36.5794,62.1685,35.5459,27.057,52.3077,76.2531,176.6098,94.1962,0.0,560.7176,6.25,5.48,set2,143,1syi
0,5.8326978102,-13.7110698908,-0.0021417908,5.5,19.0,5.5,9.0,-0.0073569047,-2.3063712862,10.0,-20.8620986176,0.0,23.71,75.1327,18.2776,16.0917,170.6038,292.6924,47.3633,0.0,643.8715,6.44,9.0,set2,144,1y0l
0,4.2211102567,-12.0935117287,-0.4393238355,1.5,8.0,1.5,3.0,-0.0774418742,-5.6629242148,2.0,-42.501791988899996,37.2132,44.0664,0.0,0.0,0.0,0.0,114.6539,25.5135,0.0,221.447,4.02,3.08,set2,145,1y1z
0,5.960112358099999,-30.141766668699997,-0.7263017979999999,14.5,45.0,14.5,24.0,-0.1814947656,-7.8673770654999995,14.0,-77.07917806479999,66.9877,77.4766,83.0432,12.4993,74.0029,219.0947,319.5847,137.315,34.7928,1024.7969,6.9,7.58,set2,146,3cda
0,2.4618418266,-10.5823903005,-0.5744693679999999,2.5,12.0,2.5,1.0,-0.1614924933,-6.5608846775,2.0,-37.2183241558,0.0,19.9738,58.806000000000004,36.6649,7.8107,0.0,22.6073,53.5219,0.0,199.3846,2.16,2.06,set2,147,1rdi
0,8.7968849331,2.5884055261000003,-0.1216933259,1.0,20.0,1.0,16.0,-0.0387209371,-2.9313487756,2.0,-23.6525733038,0.0,0.0,48.7927,25.2227,22.6267,194.7702,254.7808,25.8574,0.0,572.0505,9.08,8.7,set2,148,1jgl
0,3.7715102262999998,-16.9105606057,-0.2137096464,0.5,10.0,0.5,0.0,-0.0402612661,-3.4715054814,1.0,-54.54924054560001,12.0234,0.0,67.872,7.6552,61.2753,122.3271,25.8355,51.1011,0.0,348.0896,4.48,3.59,set2,149,1nli
0,6.1983059007,-38.301784239499995,-1.3778022858,9.0,17.0,9.0,2.0,-0.304985142,-17.2954961577,10.0,-147.750235414,73.556,151.6274,70.4488,28.863000000000003,74.061,7.0219,89.3118,126.12,0.0,621.0099,8.73,11.8,set2,150,1duv
0,6.0857591951,-19.1230525068,0.2015777218,0.5,13.0,0.5,6.0,0.0285621006,-4.8397430576,1.0,-45.9349286084,0.0,31.9747,63.5612,31.8593,46.9787,132.8981,88.164,77.3093,0.0,472.7453,6.08,5.15,set2,151,1s38
0,3.3633010366000002,-18.854213752,-0.9111999572,2.5,11.0,2.5,0.0,-0.23798083050000002,-6.4752643898,2.0,-64.7161527705,0.0,40.5935,92.3087,5.1742,11.5728,0.0,3.971,99.4872,0.0,253.1074,4.12,5.77,set2,152,2boj
0,5.8714920963,-19.6595344277,0.0344300206,10.0,36.0,10.0,13.0,0.0014889847,-1.5223071507,12.0,-70.2564154526,0.0,21.328000000000003,43.9235,42.1054,179.7335,239.7602,246.858,212.6722,50.3303,1036.7111,7.86,9.0,set2,153,2j4i
0,6.570442052200001,-28.2977067946,-0.7213067311,9.5,33.0,8.5,12.0,-0.160854357,-4.0646568397000005,10.0,-79.3800188364,0.0,57.077,48.4022,70.3476,48.5736,366.034,183.6599,271.6884,0.0,1045.7827,6.93,8.12,set2,154,1o5r
0,3.807766637,-17.285872768900003,-0.5834546205,7.0,16.0,7.0,3.0,-0.1530940328,-5.1331683972,8.0,-43.875677438100006,0.0,31.3154,126.6413,28.2659,32.1034,57.6409,145.6403,149.6229,0.0,571.2301,4.81,6.82,set2,155,1tr7
0,4.391243262200001,-9.297939287,-0.38660790920000004,1.5,9.0,1.5,4.0,-0.08137338059999999,-5.4957985183,2.0,-35.1477992442,41.9928,60.0598,25.2462,12.3397,6.0019,38.5359,145.3347,31.3967,0.0,360.9077,4.83,1.82,set2,156,1y1m
0,2.7561693589,-13.538868443499998,-0.4085979394,6.0,10.0,6.0,3.0,-0.0934833005,-6.0452338726,10.0,-46.086937076000005,77.3157,57.4833,15.6364,10.5757,44.3288,24.038,55.485,79.314,0.0,364.1769,4.17,4.57,set2,157,1yxd
0,9.047357098300001,-39.7263391779,-0.7755263119,15.0,50.0,13.0,26.0,-0.2045776959,-7.7451042825,10.0,-110.00497937700001,60.1388,38.9452,73.1669,39.1949,143.5682,449.401,335.6083,199.2365,54.4487,1393.7085,8.97,8.49,set2,158,1ec0
0,7.566250080900001,-15.2061352229,-0.1477102162,6.5,29.0,6.5,14.0,-0.0344520253,-2.9896025514,10.0,-70.1068128322,3.1628,0.0,33.1807,12.716,152.5115,247.2167,215.3376,170.6782,120.20200000000001,955.0055,8.9,7.12,set2,159,1z95
0,5.427121849600001,-17.3060144043,0.0812560222,6.0,33.0,6.0,14.0,0.0131441408,-1.520378072,6.0,-82.7676277316,15.0814,20.7945,28.1135,74.5668,173.4266,297.4811,205.3553,205.0108,51.9309,1071.7609,7.24,8.52,set2,160,2boh
0,5.8791570667999995,0.9308794939,-0.186453158,3.0,20.0,3.0,13.0,-0.0506548194,-2.0815639361000002,4.0,-22.371701721500003,7.0514,11.0804,48.0427,0.9813,28.9604,158.1914,313.4695,119.3804,0.0,687.1575,6.58,6.24,set2,161,2fai
0,5.1238750789,-35.2713776394,-1.3220717156,9.0,37.0,9.0,12.0,-0.2360517518,-5.2667222564,10.0,-87.8384421439,48.5388,95.1353,12.3824,23.6827,109.7898,177.5443,127.8331,189.5766,0.0,784.4830000000001,5.53,6.43,set2,162,2b07
0,5.8824064275,-18.1538114859,0.1439180729,0.5,12.0,0.5,5.0,0.018777343999999998,-5.2455684048,1.0,-43.3495157215,0.0,28.4579,69.9652,39.2161,38.4613,154.4791,42.4868,75.0507,0.0,448.1171,6.1,7.7,set2,163,1s39
0,4.486098189,-29.135631100799998,-0.5098635688,5.5,23.0,5.5,0.0,-0.1137056198,-4.7769856532,6.0,-80.60942876029999,0.0,63.1171,72.9324,12.0042,56.8453,42.7733,129.6159,167.0998,0.0,544.388,4.74,4.26,set2,164,2qrk
0,2.5313986833,3.5709373857999998,-0.135182207,8.0,10.0,8.0,6.0,-0.023449675299999997,-0.7085660098000001,10.0,-8.1099422085,0.0,0.0,54.4669,0.0,0.0,0.0,165.8227,88.1816,0.0,308.4712,2.97,2.99,set2,165,2dm5
0,5.13443,-5.602323271,0.3710432514,1.0,21.0,1.0,10.0,0.09282315949999999,-1.3740981612999998,2.0,-23.9780228168,4.3111,16.2078,8.0281,16.2739,6.4444,174.8576,134.2158,118.7803,0.0,479.119,7.53,9.0,set2,166,1q0y
0,4.2742956166,-40.035035779299996,-1.9377412169,6.0,13.0,5.0,2.0,-0.4387150388,-9.0253597332,6.0,-89.63655620440001,14.4525,95.7659,49.3994,25.6531,35.2907,0.0,61.7244,82.2703,0.0,364.5563,4.16,2.92,set2,167,2fw6
