,D1,D2,D3,D4,D5,D6,D7,D8,D9,D10,D11,D12,D13,D14,D15,D16,D17,D18,D19,D20,D21,D22,D23,D24,D25,D26,D27,D28,D29,D30,D31,D32,D33,D34,set,protein
0,445,1,0,0,0,16172.9,336,75.5,29,6.5,79,17.8,0,0.0,2,0.4,3,0.7,1,0.2,0,0.0,0,0.0,0,0.0,46,10.3,49,11.0,107,24.0,6,1.3,set1,2pqc
1,259,1,0,0,0,12595.3,157,60.6,21,8.1,13,5.0,2,0.8,1,0.4,1,0.4,0,0.0,0,0.0,0,0.0,0,0.0,16,6.2,25,9.7,62,23.9,4,1.5,set1,3b92
2,1016,1,0,0,0,36103.8,658,64.8,49,4.8,210,20.7,3,0.3,7,0.7,5,0.5,1,0.1,0,0.0,0,0.0,0,0.0,79,7.8,90,8.9,191,18.8,9,0.9,set1,3d51
3,392,1,0,0,0,15381.8,290,74.0,22,5.6,25,6.4,0,0.0,0,0.0,2,0.5,0,0.0,1,0.3,0,0.0,0,0.0,14,3.6,48,12.2,151,38.5,15,3.8,set1,2b3f
4,258,1,0,0,0,12676.0,173,67.1,17,6.6,29,11.2,1,0.4,1,0.4,0,0.0,0,0.0,0,0.0,0,0.0,0,0.0,13,5.0,25,9.7,71,27.5,6,2.3,set1,3dp4
5,496,2,0,0,0,21235.1,358,72.2,44,8.9,64,12.9,0,0.0,0,0.0,4,0.8,2,0.4,0,0.0,0,0.0,0,0.0,36,7.3,40,8.1,149,30.0,8,1.6,set1,3bex
6,198,2,0,0,0,9728.4,128,64.6,12,6.1,74,37.4,0,0.0,0,0.0,6,3.0,1,0.5,0,0.0,0,0.0,0,0.0,23,11.6,13,6.6,6,3.0,2,1.0,set1,2qi5
7,595,8,0,0,0,23194.4,448,75.3,83,13.9,0,0.0,0,0.0,1,0.2,0,0.0,0,0.0,0,0.0,0,0.0,0,0.0,29,4.9,53,8.9,245,41.2,16,2.7,set1,2isw
8,501,5,12,11,1,22124.0,303,60.5,9,1.8,143,28.5,4,0.8,2,0.4,8,1.6,1,0.2,3,0.6,0,0.0,0,0.0,35,7.0,61,12.2,27,5.4,2,0.4,set1,2flr
9,434,3,0,0,0,17140.2,288,66.4,38,8.8,48,11.1,2,0.5,2,0.5,2,0.5,0,0.0,1,0.2,0,0.0,0,0.0,27,6.2,45,10.4,104,24.0,9,2.1,set1,2oym
10,792,2,0,0,0,29536.0,567,71.6,48,6.1,41,5.2,2,0.3,6,0.8,0,0.0,0,0.0,0,0.0,0,0.0,0,0.0,45,5.7,75,9.5,307,38.8,16,2.0,set1,1tog
11,480,2,0,0,0,18415.1,327,68.1,0,0.0,208,43.3,4,0.8,4,0.8,2,0.4,2,0.4,0,0.0,0,0.0,0,0.0,46,9.6,41,8.5,12,2.5,4,0.8,set1,2are
12,1246,4,0,0,0,42654.1,919,73.8,106,8.5,38,3.0,0,0.0,2,0.2,6,0.5,0,0.0,2,0.2,0,0.0,0,0.0,71,5.7,146,11.7,494,39.6,32,2.6,set1,2epn
13,198,2,0,0,0,9761.1,127,64.1,14,7.1,72,36.4,0,0.0,0,0.0,6,3.0,1,0.5,0,0.0,0,0.0,0,0.0,23,11.6,12,6.1,6,3.0,2,1.0,set1,2qhz
14,283,3,0,0,0,13681.6,171,60.4,2,0.7,82,29.0,4,1.4,2,0.7,4,1.4,0,0.0,0,0.0,0,0.0,0,0.0,20,7.1,31,11.0,17,6.0,2,0.7,set1,2p3t
15,297,1,0,0,0,13668.3,216,72.7,14,4.7,40,13.5,3,1.0,0,0.0,2,0.7,0,0.0,0,0.0,0,0.0,0,0.0,30,10.1,29,9.8,88,29.6,8,2.7,set1,2qbs
16,224,17,0,0,0,9589.7,146,65.2,17,7.6,32,14.3,3,1.3,1,0.4,2,0.9,1,0.4,1,0.4,0,0.0,0,0.0,18,8.0,16,7.1,48,21.4,3,1.3,set1,2gkl
17,258,1,0,0,0,12357.7,172,66.7,13,5.0,37,14.3,1,0.4,2,0.8,3,1.2,0,0.0,0,0.0,0,0.0,0,0.0,12,4.7,27,10.5,77,29.8,6,2.3,set1,2pjo
18,378,2,0,0,0,18048.8,254,67.2,58,15.3,3,0.8,0,0.0,0,0.0,1,0.3,0,0.0,0,0.0,0,0.0,0,0.0,19,5.0,56,14.8,109,28.8,3,0.8,set1,2ihj
19,258,1,0,0,0,11478.0,164,63.6,16,6.2,57,22.1,1,0.4,0,0.0,2,0.8,1,0.4,0,0.0,0,0.0,0,0.0,25,9.7,35,13.6,16,6.2,0,0.0,set1,3czv
20,1056,11,10,10,0,46111.9,711,67.3,35,3.3,380,36.0,5,0.5,5,0.5,7,0.7,0,0.0,0,0.0,0,0.0,0,0.0,100,9.5,81,7.7,94,8.9,13,1.2,set1,2pgz
21,298,1,0,0,0,13699.8,214,71.8,14,4.7,40,13.4,3,1.0,0,0.0,2,0.7,0,0.0,0,0.0,0,0.0,0,0.0,29,9.7,29,9.7,88,29.5,7,2.3,set1,2qbr
22,196,1,0,0,0,10308.7,107,54.6,5,2.6,49,25.0,2,1.0,1,0.5,0,0.0,0,0.0,0,0.0,0,0.0,0,0.0,12,6.1,15,7.7,14,7.1,3,1.5,set1,2vuk
23,310,1,0,0,0,13665.9,232,74.8,21,6.8,27,8.7,0,0.0,0,0.0,0,0.0,0,0.0,0,0.0,0,0.0,0,0.0,10,3.2,42,13.5,114,36.8,7,2.3,set1,3b50
24,258,2,6,5,1,11684.7,153,59.3,2,0.8,81,31.4,0,0.0,3,1.2,5,1.9,0,0.0,0,0.0,0,0.0,0,0.0,16,6.2,33,12.8,8,3.1,1,0.4,set1,1gja
25,202,2,0,0,0,10587.2,118,58.4,8,4.0,40,19.8,0,0.0,2,1.0,4,2.0,0,0.0,0,0.0,0,0.0,0,0.0,16,7.9,18,8.9,26,12.9,0,0.0,set1,3c7i
26,284,2,0,0,0,13043.2,175,61.6,2,0.7,82,28.9,4,1.4,2,0.7,4,1.4,0,0.0,0,0.0,0,0.0,0,0.0,20,7.0,32,11.3,19,6.7,2,0.7,set1,2w26
27,1056,4,0,0,0,41380.9,748,70.8,92,8.7,276,26.1,4,0.4,0,0.0,12,1.1,0,0.0,4,0.4,0,0.0,0,0.0,96,9.1,72,6.8,152,14.4,16,1.5,set1,2i2c
28,1316,4,0,0,0,46717.7,892,67.8,60,4.6,232,17.6,4,0.3,0,0.0,12,0.9,4,0.3,4,0.3,0,0.0,0,0.0,48,3.6,138,10.5,342,26.0,40,3.0,set1,2qvu
29,671,2,0,0,0,22256.8,523,77.9,45,6.7,42,6.3,0,0.0,0,0.0,2,0.3,0,0.0,0,0.0,0,0.0,0,0.0,31,4.6,82,12.2,271,40.4,22,3.3,set1,2hzl
30,349,2,0,0,0,17669.3,220,63.0,2,0.6,39,11.2,1,0.3,1,0.3,2,0.6,0,0.0,0,0.0,0,0.0,0,0.0,27,7.7,41,11.7,101,28.9,2,0.6,set1,3e92
31,557,1,0,0,0,20723.1,366,65.7,33,5.9,55,9.9,3,0.5,3,0.5,2,0.4,0,0.0,0,0.0,0,0.0,0,0.0,26,4.7,88,15.8,122,21.9,10,1.8,set1,2pwd
32,198,2,0,0,0,9752.1,130,65.7,12,6.1,74,37.4,0,0.0,0,0.0,6,3.0,1,0.5,0,0.0,0,0.0,0,0.0,26,13.1,12,6.1,6,3.0,2,1.0,set1,2cen
33,198,2,0,0,0,9739.5,129,65.2,12,6.1,73,36.9,0,0.0,0,0.0,6,3.0,1,0.5,0,0.0,0,0.0,0,0.0,25,12.6,13,6.6,7,3.5,2,1.0,set1,2qnq
34,283,2,2,2,0,13328.7,189,66.8,18,6.4,38,13.4,0,0.0,2,0.7,1,0.4,0,0.0,0,0.0,0,0.0,0,0.0,13,4.6,22,7.8,77,27.2,3,1.1,set1,2rca
35,252,3,0,0,0,12274.9,186,73.8,0,0.0,6,2.4,2,0.8,0,0.0,0,0.0,0,0.0,0,0.0,0,0.0,0,0.0,5,2.0,33,13.1,137,54.4,4,1.6,set1,2o4j
36,198,2,0,0,0,9833.6,129,65.2,12,6.1,73,36.9,0,0.0,0,0.0,6,3.0,1,0.5,0,0.0,0,0.0,0,0.0,26,13.1,12,6.1,6,3.0,2,1.0,set1,2cem
37,258,4,0,0,0,21457.2,208,80.6,0,0.0,0,0.0,0,0.0,0,0.0,0,0.0,0,0.0,0,0.0,0,0.0,0,0.0,8,3.1,28,10.9,154,59.7,14,5.4,set1,3f4j
38,480,2,0,0,0,18433.1,321,66.9,0,0.0,207,43.1,4,0.8,4,0.8,2,0.4,2,0.4,0,0.0,0,0.0,0,0.0,41,8.5,40,8.3,12,2.5,4,0.8,set1,2arb
39,257,1,0,0,0,11861.9,160,62.3,18,7.0,57,22.2,3,1.2,0,0.0,2,0.8,1,0.4,1,0.4,0,0.0,0,0.0,22,8.6,32,12.5,17,6.6,0,0.0,set1,2pov
40,198,2,0,0,0,9667.6,126,63.6,12,6.1,74,37.4,0,0.0,0,0.0,6,3.0,1,0.5,0,0.0,0,0.0,0,0.0,22,11.1,12,6.1,6,3.0,2,1.0,set1,2psv
41,244,1,0,0,0,11386.8,183,75.0,26,10.7,25,10.2,1,0.4,1,0.4,3,1.2,0,0.0,0,0.0,0,0.0,0,0.0,15,6.1,35,14.3,70,28.7,7,2.9,set1,2b1q
42,223,1,6,6,0,9126.7,137,61.4,2,0.9,67,30.0,2,0.9,1,0.4,3,1.3,1,0.4,0,0.0,0,0.0,0,0.0,17,7.6,20,9.0,16,7.2,1,0.4,set1,2fx6
43,461,1,0,0,0,21689.9,310,67.2,7,1.5,53,11.5,1,0.2,0,0.0,5,1.1,0,0.0,0,0.0,0,0.0,0,0.0,31,6.7,64,13.9,144,31.2,6,1.3,set1,2ilz
44,94,10,0,0,0,8077.0,38,40.4,6,6.4,8,8.5,0,0.0,0,0.0,0,0.0,0,0.0,0,0.0,0,0.0,0,0.0,10,10.6,14,14.9,0,0.0,0,0.0,set1,2q3c
45,1362,6,0,0,0,56891.5,940,69.0,60,4.4,108,7.9,0,0.0,0,0.0,0,0.0,0,0.0,0,0.0,0,0.0,0,0.0,72,5.3,124,9.1,510,37.4,18,1.3,set1,3c2o
46,388,6,0,0,0,19928.7,272,70.1,0,0.0,99,25.5,0,0.0,0,0.0,1,0.3,0,0.0,0,0.0,0,0.0,0,0.0,25,6.4,51,13.1,83,21.4,5,1.3,set1,2v8y
47,479,5,0,0,0,25778.9,317,66.2,21,4.4,89,18.6,3,0.6,4,0.8,4,0.8,0,0.0,0,0.0,0,0.0,0,0.0,38,7.9,37,7.7,111,23.2,7,1.5,set1,2v8q
48,198,2,0,0,0,9754.7,128,64.6,13,6.6,72,36.4,0,0.0,0,0.0,6,3.0,1,0.5,0,0.0,0,0.0,0,0.0,24,12.1,13,6.6,6,3.0,2,1.0,set1,2qi6
49,297,2,0,0,0,14678.8,183,61.6,19,6.4,17,5.7,0,0.0,3,1.0,0,0.0,0,0.0,0,0.0,0,0.0,0,0.0,19,6.4,32,10.8,80,26.9,7,2.4,set1,2zlz
50,319,1,0,0,0,13598.2,211,66.1,27,8.5,17,5.3,0,0.0,0,0.0,1,0.3,0,0.0,0,0.0,0,0.0,0,0.0,20,6.3,49,15.4,92,28.8,1,0.3,set1,2cjp
51,1752,12,0,0,0,58726.8,1202,68.6,126,7.2,342,19.5,12,0.7,12,0.7,12,0.7,0,0.0,0,0.0,0,0.0,0,0.0,172,9.8,200,11.4,242,13.8,46,2.6,set1,2v7u
52,257,1,0,0,0,11890.0,161,62.6,18,7.0,56,21.8,2,0.8,0,0.0,2,0.8,0,0.0,2,0.8,0,0.0,0,0.0,25,9.7,33,12.8,15,5.8,0,0.0,set1,2pow
53,542,2,0,0,0,20995.5,390,72.0,56,10.3,28,5.2,2,0.4,0,0.0,2,0.4,0,0.0,0,0.0,0,0.0,0,0.0,48,8.9,62,11.4,176,32.5,2,0.4,set1,1iup
54,286,2,0,0,0,13892.1,173,60.5,2,0.7,82,28.7,4,1.4,2,0.7,4,1.4,0,0.0,0,0.0,0,0.0,0,0.0,19,6.6,32,11.2,18,6.3,2,0.7,set1,2p16
55,198,2,0,0,0,9658.8,125,63.1,13,6.6,72,36.4,0,0.0,0,0.0,6,3.0,1,0.5,0,0.0,0,0.0,0,0.0,22,11.1,12,6.1,6,3.0,2,1.0,set1,2qi3
56,595,2,3,2,1,23689.0,463,77.8,48,8.1,54,9.1,0,0.0,2,0.3,4,0.7,2,0.3,0,0.0,0,0.0,0,0.0,30,5.0,58,9.7,241,40.5,14,2.4,set1,2e2p
57,138,2,0,0,0,8615.8,88,63.8,0,0.0,22,15.9,0,0.0,0,0.0,2,1.4,0,0.0,0,0.0,0,0.0,0,0.0,10,7.2,4,2.9,44,31.9,2,1.4,set1,2p09
58,1362,6,0,0,0,56574.0,978,71.8,66,4.8,108,7.9,0,0.0,0,0.0,0,0.0,0,0.0,0,0.0,0,0.0,0,0.0,90,6.6,108,7.9,528,38.8,24,1.8,set1,3c2f
59,1015,1,0,0,0,36132.6,657,64.7,48,4.7,206,20.3,2,0.2,7,0.7,4,0.4,1,0.1,0,0.0,0,0.0,0,0.0,86,8.5,86,8.5,192,18.9,8,0.8,set1,3ddg
60,265,2,0,0,0,13867.6,171,64.5,4,1.5,35,13.2,0,0.0,2,0.8,2,0.8,0,0.0,0,0.0,0,0.0,0,0.0,10,3.8,33,12.5,79,29.8,4,1.5,set1,2oiq
61,1650,6,0,0,0,56275.3,1202,72.8,36,2.2,250,15.2,0,0.0,0,0.0,12,0.7,0,0.0,3,0.2,0,0.0,0,0.0,89,5.4,163,9.9,559,33.9,50,3.0,set1,3ccw
62,297,1,0,0,0,13640.8,211,71.0,14,4.7,40,13.5,3,1.0,0,0.0,2,0.7,0,0.0,0,0.0,0,0.0,0,0.0,29,9.8,28,9.4,86,29.0,8,2.7,set1,2zmm
63,268,2,0,0,0,11803.5,202,75.4,0,0.0,140,52.2,0,0.0,4,1.5,8,3.0,0,0.0,0,0.0,0,0.0,0,0.0,37,13.8,16,6.0,0,0.0,0,0.0,set1,1w6o
64,613,2,0,0,0,25097.3,397,64.8,47,7.7,83,13.5,1,0.2,6,1.0,1,0.2,0,0.0,1,0.2,0,0.0,0,0.0,38,6.2,68,11.1,124,20.2,10,1.6,set1,2rkd
65,258,2,0,0,0,11565.2,176,68.2,19,7.4,24,9.3,0,0.0,1,0.4,0,0.0,0,0.0,0,0.0,0,0.0,0,0.0,12,4.7,27,10.5,77,29.8,6,2.3,set1,2q89
66,438,6,4,4,0,19640.7,287,65.5,11,2.5,172,39.3,4,0.9,3,0.7,3,0.7,1,0.2,0,0.0,0,0.0,0,0.0,45,10.3,36,8.2,13,3.0,5,1.1,set1,1q72
67,449,2,0,0,0,23329.8,314,69.9,2,0.4,202,45.0,0,0.0,4,0.9,8,1.8,0,0.0,0,0.0,0,0.0,0,0.0,38,8.5,27,6.0,36,8.0,1,0.2,set1,2rde
68,542,2,0,0,0,20965.4,404,74.5,56,10.3,28,5.2,2,0.4,0,0.0,2,0.4,0,0.0,2,0.4,0,0.0,0,0.0,52,9.6,64,11.8,178,32.8,2,0.4,set1,1ukb
69,1296,8,0,0,0,41178.5,976,75.3,176,13.6,8,0.6,0,0.0,0,0.0,0,0.0,0,0.0,0,0.0,0,0.0,0,0.0,80,6.2,160,12.3,496,38.3,16,1.2,set1,2nsj
70,308,1,0,0,0,13376.1,217,70.5,21,6.8,30,9.7,0,0.0,0,0.0,0,0.0,0,0.0,0,0.0,0,0.0,0,0.0,23,7.5,34,11.0,92,29.9,3,1.0,set1,2qry
71,644,12,0,0,0,28479.1,458,71.1,57,8.9,85,13.2,3,0.5,3,0.5,0,0.0,0,0.0,0,0.0,0,0.0,0,0.0,30,4.7,52,8.1,187,29.0,20,3.1,set1,2pyy
72,224,4,0,0,0,18397.9,92,41.1,0,0.0,68,30.4,0,0.0,8,3.6,0,0.0,0,0.0,0,0.0,0,0.0,0,0.0,8,3.6,12,5.4,0,0.0,0,0.0,set1,2c1q
73,297,1,0,0,0,13553.3,219,73.7,14,4.7,40,13.5,3,1.0,0,0.0,2,0.7,0,0.0,0,0.0,0,0.0,0,0.0,31,10.4,29,9.8,91,30.6,8,2.7,set1,2nta
74,217,1,0,0,0,11570.0,152,70.0,6,2.8,42,19.4,1,0.5,1,0.5,0,0.0,0,0.0,1,0.5,0,0.0,0,0.0,9,4.1,30,13.8,57,26.3,5,2.3,set1,3ekr
75,273,1,0,0,0,13115.9,173,63.4,2,0.7,51,18.7,2,0.7,1,0.4,2,0.7,0,0.0,0,0.0,0,0.0,0,0.0,16,5.9,23,8.4,75,27.5,4,1.5,set1,3bgq
76,1374,4,0,0,0,46602.5,918,66.8,66,4.8,348,25.3,8,0.6,10,0.7,6,0.4,0,0.0,3,0.2,0,0.0,0,0.0,111,8.1,153,11.1,173,12.6,18,1.3,set1,2jke
77,498,2,0,0,0,19588.4,364,73.1,78,15.7,4,0.8,0,0.0,0,0.0,0,0.0,0,0.0,0,0.0,0,0.0,0,0.0,50,10.0,54,10.8,160,32.1,8,1.6,set1,2v2c
78,1746,6,0,0,0,62299.3,1179,67.5,124,7.1,328,18.8,6,0.3,14,0.8,12,0.7,0,0.0,0,0.0,0,0.0,0,0.0,178,10.2,214,12.3,220,12.6,37,2.1,set1,2v7v
79,501,2,0,0,0,23576.1,363,72.5,59,11.8,26,5.2,0,0.0,2,0.4,2,0.4,0,0.0,0,0.0,0,0.0,0,0.0,21,4.2,61,12.2,167,33.3,12,2.4,set1,3bxe
80,120,2,0,0,0,12027.2,56,46.7,0,0.0,0,0.0,0,0.0,2,1.7,0,0.0,0,0.0,0,0.0,0,0.0,0,0.0,8,6.7,10,8.3,36,30.0,0,0.0,set1,1toi
81,304,1,0,0,0,14488.3,226,74.3,0,0.0,0,0.0,0,0.0,0,0.0,0,0.0,0,0.0,0,0.0,0,0.0,0,0.0,8,2.6,43,14.1,168,55.3,5,1.6,set1,2ovv
82,268,2,0,0,0,12979.5,168,62.7,2,0.7,47,17.5,2,0.7,0,0.0,2,0.7,0,0.0,0,0.0,0,0.0,0,0.0,15,5.6,22,8.2,75,28.0,4,1.5,set1,3bgz
83,1296,8,0,0,0,40857.6,960,74.1,168,13.0,8,0.6,0,0.0,0,0.0,0,0.0,0,0.0,0,0.0,0,0.0,0,0.0,80,6.2,160,12.3,488,37.7,16,1.2,set1,2nsl
84,962,2,2,2,0,35159.1,656,68.2,88,9.1,50,5.2,0,0.0,2,0.2,6,0.6,0,0.0,2,0.2,0,0.0,0,0.0,72,7.5,144,15.0,260,27.0,14,1.5,set1,1vot
85,456,4,0,0,0,16289.6,306,67.1,8,1.8,236,51.8,0,0.0,4,0.9,8,1.8,0,0.0,0,0.0,0,0.0,0,0.0,33,7.2,15,3.3,8,1.8,0,0.0,set1,2jdy
86,1072,4,0,0,0,34209.4,804,75.0,132,12.3,0,0.0,0,0.0,0,0.0,0,0.0,4,0.4,4,0.4,0,0.0,0,0.0,84,7.8,132,12.3,372,34.7,20,1.9,set1,2idz
87,323,1,0,0,0,14265.5,250,77.4,46,14.2,30,9.3,0,0.0,0,0.0,1,0.3,0,0.0,1,0.3,0,0.0,0,0.0,22,6.8,34,10.5,104,32.2,4,1.2,set1,2r75
88,257,1,0,0,0,11909.1,169,65.8,18,7.0,58,22.6,2,0.8,0,0.0,3,1.2,0,0.0,2,0.8,0,0.0,0,0.0,24,9.3,37,14.4,17,6.6,0,0.0,set1,3bl0
89,456,4,0,0,0,16186.6,299,65.6,8,1.8,242,53.1,0,0.0,4,0.9,8,1.8,0,0.0,0,0.0,0,0.0,0,0.0,22,4.8,16,3.5,8,1.8,0,0.0,set1,2jdu
90,468,4,0,0,0,18375.8,330,70.5,0,0.0,244,52.1,0,0.0,8,1.7,4,0.9,1,0.2,0,0.0,0,0.0,0,0.0,54,11.5,26,5.6,2,0.4,0,0.0,set1,1swk
91,270,2,0,0,0,13110.1,178,65.9,5,1.9,47,17.4,0,0.0,2,0.7,2,0.7,0,0.0,0,0.0,0,0.0,0,0.0,11,4.1,32,11.9,76,28.1,4,1.5,set1,3eqr
92,367,3,0,0,0,15176.8,254,69.2,30,8.2,27,7.4,0,0.0,1,0.3,3,0.8,1,0.3,0,0.0,0,0.0,0,0.0,21,5.7,28,7.6,130,35.4,10,2.7,set1,2bbf
93,198,2,0,0,0,10001.5,131,66.2,12,6.1,73,36.9,0,0.0,0,0.0,6,3.0,1,0.5,0,0.0,0,0.0,0,0.0,27,13.6,13,6.6,6,3.0,2,1.0,set1,2r5p
94,730,5,0,0,0,28867.9,557,76.3,105,14.4,10,1.4,0,0.0,0,0.0,0,0.0,1,0.1,0,0.0,0,0.0,0,0.0,43,5.9,55,7.5,303,41.5,15,2.1,set1,2c94
95,286,2,8,7,1,13847.5,172,60.1,2,0.7,85,29.7,3,1.0,2,0.7,4,1.4,0,0.0,0,0.0,0,0.0,0,0.0,14,4.9,33,11.5,19,6.6,2,0.7,set1,2uwl
96,203,3,0,0,0,11397.8,132,65.0,0,0.0,51,25.1,0,0.0,0,0.0,1,0.5,0,0.0,0,0.0,0,0.0,0,0.0,13,6.4,21,10.3,43,21.2,1,0.5,set1,2jgb
97,337,2,0,0,0,16391.4,207,61.4,2,0.6,42,12.5,1,0.3,1,0.3,1,0.3,0,0.0,0,0.0,0,0.0,0,0.0,15,4.5,41,12.2,99,29.4,2,0.6,set1,2ojg
98,687,3,0,0,0,24676.6,453,65.9,48,7.0,57,8.3,1,0.1,2,0.3,2,0.3,0,0.0,0,0.0,0,0.0,0,0.0,27,3.9,69,10.0,204,29.7,12,1.7,set1,2jbj
99,145,1,3,3,0,8217.6,105,72.4,0,0.0,2,1.4,0,0.0,1,0.7,0,0.0,0,0.0,0,0.0,0,0.0,0,0.0,3,2.1,22,15.2,71,49.0,4,2.8,set1,2qeh
100,308,1,0,0,0,12159.5,212,68.8,27,8.8,17,5.5,0,0.0,1,0.3,0,0.0,0,0.0,0,0.0,0,0.0,0,0.0,21,6.8,29,9.4,97,31.5,3,1.0,set1,2v77
101,1752,12,0,0,0,58826.4,1197,68.3,124,7.1,342,19.5,12,0.7,12,0.7,12,0.7,0,0.0,0,0.0,0,0.0,0,0.0,168,9.6,214,12.2,234,13.4,42,2.4,set1,2v7t
102,1362,6,0,0,0,55804.0,963,70.7,60,4.4,108,7.9,0,0.0,0,0.0,0,0.0,0,0.0,0,0.0,0,0.0,0,0.0,81,5.9,123,9.0,513,37.7,24,1.8,set1,3c2r
103,834,2,0,0,0,31168.0,538,64.5,22,2.6,172,20.6,2,0.2,2,0.2,7,0.8,0,0.0,2,0.2,0,0.0,0,0.0,68,8.2,105,12.6,118,14.1,7,0.8,set1,2hzy
104,471,7,0,0,0,22840.5,363,77.1,8,1.7,15,3.2,2,0.4,0,0.0,2,0.4,0,0.0,0,0.0,0,0.0,0,0.0,17,3.6,62,13.2,261,55.4,2,0.4,set1,2p4y
105,340,1,0,0,0,15094.6,234,68.8,23,6.8,119,35.0,2,0.6,4,1.2,3,0.9,0,0.0,0,0.0,0,0.0,0,0.0,36,10.6,35,10.3,15,4.4,4,1.2,set1,2h6t
106,297,1,0,0,0,13620.5,216,72.7,14,4.7,40,13.5,3,1.0,0,0.0,2,0.7,0,0.0,0,0.0,0,0.0,0,0.0,28,9.4,30,10.1,89,30.0,8,2.7,set1,2zn7
107,390,1,0,0,0,16734.9,261,66.9,18,4.6,113,29.0,3,0.8,1,0.3,3,0.8,0,0.0,1,0.3,0,0.0,0,0.0,42,10.8,42,10.8,32,8.2,4,1.0,set1,2qmg
108,843,8,0,0,0,37618.3,560,66.4,5,0.6,113,13.4,1,0.1,3,0.4,4,0.5,1,0.1,0,0.0,0,0.0,0,0.0,50,5.9,75,8.9,292,34.6,9,1.1,set1,3ene
109,651,2,0,0,0,24990.3,502,77.1,81,12.4,14,2.2,2,0.3,1,0.2,2,0.3,0,0.0,0,0.0,0,0.0,0,0.0,32,4.9,96,14.7,251,38.6,20,3.1,set1,2q8z
110,522,4,0,0,0,24060.8,342,65.5,34,6.5,58,11.1,2,0.4,2,0.4,0,0.0,0,0.0,0,0.0,0,0.0,0,0.0,21,4.0,47,9.0,145,27.8,12,2.3,set1,3fas
111,222,1,0,0,0,11422.5,158,71.2,0,0.0,5,2.3,0,0.0,1,0.5,1,0.5,0,0.0,0,0.0,0,0.0,0,0.0,4,1.8,19,8.6,126,56.8,2,0.9,set1,2p7g
112,411,3,0,0,0,16676.8,279,67.9,27,6.6,123,29.9,0,0.0,0,0.0,3,0.7,0,0.0,0,0.0,0,0.0,0,0.0,63,15.3,24,5.8,15,3.6,6,1.5,set1,2hr6
113,262,1,0,0,0,11411.1,178,67.9,0,0.0,60,22.9,1,0.4,1,0.4,2,0.8,1,0.4,0,0.0,0,0.0,0,0.0,16,6.1,24,9.2,61,23.3,3,1.1,set1,2p98
114,283,2,3,3,0,10980.8,194,68.6,49,17.3,6,2.1,1,0.4,1,0.4,1,0.4,0,0.0,0,0.0,0,0.0,0,0.0,27,9.5,25,8.8,70,24.7,4,1.4,set1,2uy4
115,452,7,0,0,0,20040.8,356,78.8,0,0.0,12,2.7,0,0.0,2,0.4,2,0.4,0,0.0,0,0.0,0,0.0,0,0.0,11,2.4,46,10.2,285,63.1,4,0.9,set1,2r6w
116,444,6,0,0,0,20051.6,347,78.2,0,0.0,12,2.7,0,0.0,2,0.5,2,0.5,0,0.0,0,0.0,0,0.0,0,0.0,8,1.8,52,11.7,273,61.5,4,0.9,set1,2pog
117,153,1,0,0,0,7798.9,95,62.1,0,0.0,51,33.3,0,0.0,2,1.3,2,1.3,0,0.0,0,0.0,0,0.0,0,0.0,12,7.8,14,9.2,15,9.8,0,0.0,set1,3brn
118,258,2,0,0,0,11662.0,179,69.4,19,7.4,24,9.3,0,0.0,1,0.4,0,0.0,0,0.0,0,0.0,0,0.0,0,0.0,13,5.0,30,11.6,76,29.5,6,2.3,set1,2q88
119,286,2,8,7,1,13815.7,171,59.8,2,0.7,84,29.4,4,1.4,2,0.7,4,1.4,0,0.0,0,0.0,0,0.0,0,0.0,17,5.9,32,11.2,18,6.3,2,0.7,set1,2uwp
120,510,3,0,0,0,20250.3,414,81.2,0,0.0,5,1.0,0,0.0,0,0.0,1,0.2,0,0.0,0,0.0,0,0.0,0,0.0,7,1.4,51,10.0,314,61.6,31,6.1,set1,3f48
121,445,8,0,0,0,19572.7,345,77.5,0,0.0,12,2.7,0,0.0,2,0.4,2,0.4,0,0.0,0,0.0,0,0.0,0,0.0,8,1.8,56,12.6,267,60.0,2,0.4,set1,2z4b
122,203,4,0,0,0,11142.3,126,62.1,6,3.0,33,16.3,2,1.0,1,0.5,1,0.5,0,0.0,0,0.0,0,0.0,0,0.0,15,7.4,22,10.8,40,19.7,2,1.0,set1,2q6m
123,537,1,0,0,0,20483.0,346,64.4,12,2.2,200,37.2,5,0.9,4,0.7,5,0.9,0,0.0,0,0.0,0,0.0,0,0.0,55,10.2,41,7.6,16,3.0,4,0.7,set1,2add
124,556,1,0,0,0,21085.0,363,65.3,33,5.9,55,9.9,3,0.5,2,0.4,2,0.4,0,0.0,0,0.0,0,0.0,0,0.0,26,4.7,82,14.7,125,22.5,10,1.8,set1,2pwg
125,162,1,0,0,0,8679.4,115,71.0,0,0.0,12,7.4,0,0.0,2,1.2,0,0.0,0,0.0,0,0.0,0,0.0,0,0.0,7,4.3,10,6.2,86,53.1,2,1.2,set1,2ou0
126,610,1,0,0,0,24187.7,433,71.0,22,3.6,92,15.1,1,0.2,2,0.3,3,0.5,0,0.0,0,0.0,0,0.0,0,0.0,41,6.7,72,11.8,190,31.1,9,1.5,set1,3b7r
127,198,2,0,0,0,9691.5,128,64.6,13,6.6,72,36.4,0,0.0,0,0.0,6,3.0,1,0.5,0,0.0,0,0.0,0,0.0,25,12.6,12,6.1,6,3.0,2,1.0,set1,2qi4
128,716,10,0,0,0,31861.7,529,73.9,16,2.2,73,10.2,0,0.0,2,0.3,4,0.6,0,0.0,0,0.0,0,0.0,0,0.0,32,4.5,72,10.1,323,45.1,3,0.4,set1,3d2r
129,434,4,1,0,1,18109.7,304,70.0,66,15.2,20,4.6,0,0.0,1,0.2,2,0.5,1,0.2,0,0.0,0,0.0,0,0.0,32,7.4,59,13.6,103,23.7,4,0.9,set1,2jff
130,505,5,0,0,0,22489.3,378,74.9,78,15.4,0,0.0,0,0.0,0,0.0,0,0.0,0,0.0,0,0.0,0,0.0,0,0.0,38,7.5,48,9.5,179,35.4,12,2.4,set1,2jfz
131,1025,10,10,10,0,43213.0,670,65.4,36,3.5,374,36.5,6,0.6,5,0.5,8,0.8,0,0.0,0,0.0,0,0.0,0,0.0,84,8.2,80,7.8,67,6.5,11,1.1,set1,2bys
132,714,2,0,0,0,26010.8,483,67.6,79,11.1,72,10.1,2,0.3,2,0.3,2,0.3,0,0.0,1,0.1,0,0.0,0,0.0,43,6.0,85,11.9,160,22.4,17,2.4,set1,2gz2
133,214,1,0,0,0,11113.4,155,72.4,4,1.9,41,19.2,1,0.5,1,0.5,0,0.0,0,0.0,0,0.0,0,0.0,0,0.0,16,7.5,33,15.4,55,25.7,4,1.9,set1,2vw5
134,376,2,0,0,0,17426.4,262,69.7,59,15.7,3,0.8,0,0.0,0,0.0,1,0.3,0,0.0,0,0.0,0,0.0,0,0.0,23,6.1,57,15.2,108,28.7,3,0.8,set1,2ihk
135,297,1,0,0,0,13567.4,214,72.1,16,5.4,40,13.5,3,1.0,0,0.0,2,0.7,0,0.0,0,0.0,0,0.0,0,0.0,31,10.4,27,9.1,87,29.3,8,2.7,set1,2qbq
136,286,2,7,6,1,13932.9,173,60.5,2,0.7,80,28.0,4,1.4,2,0.7,4,1.4,0,0.0,0,0.0,0,0.0,0,0.0,23,8.0,28,9.8,18,6.3,2,0.7,set1,2p95
137,246,4,0,0,0,12310.7,180,73.2,18,7.3,68,27.6,0,0.0,4,1.6,2,0.8,0,0.0,2,0.8,0,0.0,0,0.0,12,4.9,17,6.9,58,23.6,2,0.8,set1,2pzv
138,198,2,0,0,0,9445.2,124,62.6,12,6.1,72,36.4,0,0.0,0,0.0,6,3.0,1,0.5,0,0.0,0,0.0,0,0.0,22,11.1,12,6.1,6,3.0,2,1.0,set1,2q54
139,131,1,0,0,0,7255.5,105,80.2,0,0.0,63,48.1,0,0.0,1,0.8,5,3.8,0,0.0,0,0.0,0,0.0,0,0.0,21,16.0,9,6.9,14,10.7,1,0.8,set1,2nnq
140,136,2,0,0,0,11571.2,92,67.6,0,0.0,0,0.0,0,0.0,0,0.0,0,0.0,0,0.0,0,0.0,0,0.0,0,0.0,4,2.9,10,7.4,72,52.9,4,2.9,set1,3f8c
141,532,2,0,0,0,24226.5,358,67.3,34,6.4,74,13.9,0,0.0,4,0.8,10,1.9,2,0.4,2,0.4,0,0.0,0,0.0,40,7.5,66,12.4,110,20.7,6,1.1,set1,2qdt
142,198,2,0,0,0,9658.0,128,64.6,13,6.6,74,37.4,0,0.0,0,0.0,6,3.0,1,0.5,0,0.0,0,0.0,0,0.0,23,11.6,12,6.1,6,3.0,2,1.0,set1,2qhy
143,454,2,0,0,0,21159.8,320,70.5,0,0.0,10,2.2,0,0.0,2,0.4,2,0.4,0,0.0,0,0.0,0,0.0,0,0.0,12,2.6,42,9.3,252,55.5,4,0.9,set1,2e2r
144,517,3,0,0,0,24232.5,339,65.6,34,6.6,58,11.2,2,0.4,2,0.4,0,0.0,0,0.0,0,0.0,0,0.0,0,0.0,22,4.3,47,9.1,146,28.2,8,1.5,set1,3fat
145,290,1,0,0,0,12013.3,207,71.4,17,5.9,33,11.4,0,0.0,1,0.3,0,0.0,0,0.0,0,0.0,0,0.0,0,0.0,16,5.5,30,10.3,97,33.4,9,3.1,set1,2reg
146,256,1,0,0,0,11589.7,169,66.0,17,6.6,61,23.8,2,0.8,0,0.0,3,1.2,0,0.0,2,0.8,0,0.0,0,0.0,24,9.4,34,13.3,18,7.0,0,0.0,set1,2h15
147,1282,14,0,0,0,49241.1,971,75.7,184,14.4,34,2.7,0,0.0,0,0.0,0,0.0,2,0.2,0,0.0,0,0.0,0,0.0,97,7.6,157,12.2,448,34.9,32,2.5,set1,2j4k
148,756,3,0,0,0,28201.1,471,62.3,6,0.8,297,39.3,3,0.4,3,0.4,6,0.8,0,0.0,0,0.0,0,0.0,0,0.0,69,9.1,39,5.2,6,0.8,3,0.4,set1,2vmd
149,120,2,0,0,0,10254.5,64,53.3,12,10.0,10,8.3,0,0.0,2,1.7,0,0.0,0,0.0,0,0.0,0,0.0,0,0.0,4,3.3,8,6.7,24,20.0,2,1.7,set1,1vso
150,258,1,0,0,0,12206.2,171,66.3,13,5.0,37,14.3,1,0.4,2,0.8,3,1.2,0,0.0,0,0.0,0,0.0,0,0.0,13,5.0,26,10.1,77,29.8,6,2.3,set1,2r3d
151,283,53,0,0,0,15599.3,152,53.7,6,2.1,35,12.4,1,0.4,2,0.7,0,0.0,0,0.0,0,0.0,0,0.0,0,0.0,14,4.9,28,9.9,62,21.9,3,1.1,set1,2qu6
152,236,2,0,0,0,11907.5,159,67.4,17,7.2,28,11.9,0,0.0,1,0.4,1,0.4,0,0.0,0,0.0,0,0.0,0,0.0,12,5.1,23,9.7,65,27.5,4,1.7,set1,2pvu
153,162,1,0,0,0,8546.7,113,69.8,0,0.0,12,7.4,0,0.0,2,1.2,0,0.0,0,0.0,0,0.0,0,0.0,0,0.0,7,4.3,9,5.6,84,51.9,2,1.2,set1,2otz
154,349,1,0,0,0,17876.0,220,63.0,2,0.6,42,12.0,1,0.3,1,0.3,2,0.6,0,0.0,0,0.0,0,0.0,0,0.0,26,7.4,39,11.2,102,29.2,2,0.6,set1,3d83
155,1156,4,0,0,0,40481.5,868,75.1,126,10.9,52,4.5,2,0.2,2,0.2,4,0.3,0,0.0,0,0.0,0,0.0,0,0.0,80,6.9,126,10.9,418,36.2,22,1.9,set1,2cli
156,863,2,0,0,0,29886.9,561,65.0,44,5.1,194,22.5,6,0.7,4,0.5,9,1.0,0,0.0,1,0.1,0,0.0,0,0.0,75,8.7,77,8.9,131,15.2,9,1.0,set1,2qmj
157,217,1,0,0,0,11637.9,152,70.0,6,2.8,42,19.4,1,0.5,1,0.5,0,0.0,0,0.0,1,0.5,0,0.0,0,0.0,9,4.1,31,14.3,56,25.8,5,2.3,set1,3eko
158,291,1,0,0,0,10496.7,196,67.4,27,9.3,17,5.8,0,0.0,0,0.0,0,0.0,0,0.0,1,0.3,0,0.0,0,0.0,12,4.1,30,10.3,90,30.9,6,2.1,set1,3b3c
159,244,1,0,0,0,11076.4,192,78.7,26,10.7,25,10.2,1,0.4,1,0.4,3,1.2,0,0.0,0,0.0,0,0.0,0,0.0,19,7.8,39,16.0,71,29.1,7,2.9,set1,2d2v
160,198,2,0,0,0,9623.9,126,63.6,13,6.6,73,36.9,0,0.0,0,0.0,6,3.0,1,0.5,0,0.0,0,0.0,0,0.0,23,11.6,12,6.1,6,3.0,2,1.0,set1,2qi1
161,1452,2,10,10,0,57334.8,965,66.5,70,4.8,361,24.9,20,1.4,10,0.7,11,0.8,2,0.1,2,0.1,0,0.0,0,0.0,146,10.1,136,9.4,177,12.2,18,1.2,set1,2oag
162,258,1,0,0,0,11502.7,156,60.5,16,6.2,57,22.1,2,0.8,0,0.0,2,0.8,0,0.0,1,0.4,0,0.0,0,0.0,20,7.8,33,12.8,17,6.6,0,0.0,set1,2nmx
163,223,1,6,6,0,9159.3,135,60.5,2,0.9,68,30.5,2,0.9,1,0.4,3,1.3,1,0.4,0,0.0,0,0.0,0,0.0,15,6.7,21,9.4,14,6.3,0,0.0,set1,1uto
164,144,1,0,0,0,7178.6,94,65.3,0,0.0,53,36.8,1,0.7,2,1.4,3,2.1,0,0.0,0,0.0,0,0.0,0,0.0,12,8.3,15,10.4,14,9.7,1,0.7,set1,3bu1
165,734,5,0,0,0,28528.0,560,76.3,105,14.3,10,1.4,0,0.0,0,0.0,0,0.0,0,0.0,0,0.0,0,0.0,0,0.0,46,6.3,56,7.6,302,41.1,15,2.0,set1,2c92
166,2228,6,0,0,0,74283.3,1661,74.6,302,13.6,78,3.5,0,0.0,6,0.3,24,1.1,0,0.0,0,0.0,0,0.0,0,0.0,153,6.9,306,13.7,636,28.5,54,2.4,set1,2vhw
167,1623,9,0,0,0,56211.7,1149,70.8,36,2.2,252,15.5,0,0.0,0,0.0,12,0.7,0,0.0,4,0.2,0,0.0,0,0.0,92,5.7,120,7.4,557,34.3,46,2.8,set1,3ccz
168,307,3,0,0,0,13026.5,231,75.2,21,6.8,27,8.8,0,0.0,0,0.0,0,0.0,0,0.0,0,0.0,0,0.0,0,0.0,13,4.2,35,11.4,120,39.1,7,2.3,set1,2vpn
169,1603,8,0,0,0,54507.9,1159,72.3,36,2.2,246,15.3,0,0.0,0,0.0,12,0.7,0,0.0,4,0.2,0,0.0,0,0.0,88,5.5,148,9.2,543,33.9,46,2.9,set1,3cd7
170,449,8,0,0,0,19784.3,347,77.3,0,0.0,12,2.7,0,0.0,2,0.4,2,0.4,0,0.0,0,0.0,0,0.0,0,0.0,8,1.8,57,12.7,267,59.5,3,0.7,set1,2jj3
171,389,1,0,0,0,16718.9,264,67.9,18,4.6,110,28.3,3,0.8,0,0.0,3,0.8,0,0.0,1,0.3,0,0.0,0,0.0,47,12.1,40,10.3,32,8.2,4,1.0,set1,2vkm
172,401,1,0,0,0,16654.8,288,71.8,21,5.2,38,9.5,0,0.0,0,0.0,2,0.5,0,0.0,0,0.0,0,0.0,0,0.0,15,3.7,63,15.7,130,32.4,12,3.0,set1,2z8f
173,371,1,0,0,0,17282.1,247,66.6,40,10.8,8,2.2,0,0.0,1,0.3,1,0.3,0,0.0,0,0.0,0,0.0,0,0.0,29,7.8,50,13.5,97,26.1,5,1.3,set1,2qrl
174,510,3,0,0,0,20186.9,406,79.6,0,0.0,5,1.0,0,0.0,0,0.0,1,0.2,0,0.0,0,0.0,0,0.0,0,0.0,6,1.2,47,9.2,312,61.2,29,5.7,set1,3f3d
175,478,2,0,0,0,19360.4,310,64.9,0,0.0,196,41.0,8,1.7,4,0.8,0,0.0,0,0.0,0,0.0,0,0.0,0,0.0,48,10.0,30,6.3,10,2.1,4,0.8,set1,1ax1
176,598,8,0,0,0,24660.7,444,74.2,0,0.0,298,49.8,0,0.0,4,0.7,12,2.0,4,0.7,0,0.0,0,0.0,0,0.0,83,13.9,16,2.7,4,0.7,0,0.0,set2,1ws4
177,409,2,0,0,0,15515.6,288,70.4,42,10.3,12,2.9,1,0.2,2,0.5,2,0.5,0,0.0,0,0.0,0,0.0,0,0.0,26,6.4,46,11.2,134,32.8,7,1.7,set2,1uz4
178,2028,6,6,6,0,74347.5,1407,69.4,126,6.2,624,30.8,12,0.6,6,0.3,30,1.5,0,0.0,0,0.0,0,0.0,0,0.0,222,10.9,195,9.6,162,8.0,24,1.2,set2,2il2
179,210,1,0,0,0,10686.3,160,76.2,4,1.9,41,19.5,1,0.5,0,0.0,0,0.0,0,0.0,1,0.5,0,0.0,0,0.0,16,7.6,33,15.7,58,27.6,4,1.9,set2,1yc1
180,1058,6,10,10,0,46712.0,709,67.0,35,3.3,363,34.3,5,0.5,5,0.5,7,0.7,0,0.0,0,0.0,0,0.0,0,0.0,105,9.9,85,8.0,84,7.9,13,1.2,set2,2byr
181,208,2,0,0,0,10762.8,164,78.8,0,0.0,63,30.3,2,1.0,2,1.0,0,0.0,0,0.0,2,1.0,0,0.0,0,0.0,15,7.2,29,13.9,52,25.0,4,1.9,set2,1x8d
182,326,2,0,0,0,14429.7,214,65.6,0,0.0,92,28.2,0,0.0,2,0.6,4,1.2,1,0.3,0,0.0,0,0.0,0,0.0,20,6.1,36,11.0,65,19.9,0,0.0,set2,2aac
183,119,1,3,3,0,6706.9,85,71.4,0,0.0,2,1.7,0,0.0,1,0.8,0,0.0,0,0.0,0,0.0,0,0.0,0,0.0,2,1.7,15,12.6,62,52.1,4,3.4,set2,1ow4
184,366,3,0,0,0,15110.7,259,70.8,30,8.2,32,8.7,0,0.0,0,0.0,6,1.6,0,0.0,0,0.0,0,0.0,0,0.0,23,6.3,27,7.4,131,35.8,10,2.7,set2,1s39
185,436,1,0,0,0,21841.7,297,68.1,10,2.3,100,22.9,2,0.5,3,0.7,1,0.2,0,0.0,1,0.2,0,0.0,0,0.0,29,6.7,61,14.0,85,19.5,8,1.8,set2,1zhx
186,488,2,0,0,0,26636.2,354,72.5,22,4.5,74,15.2,2,0.4,0,0.0,4,0.8,0,0.0,2,0.4,0,0.0,0,0.0,44,9.0,38,7.8,154,31.6,10,2.0,set2,1a8i
187,287,1,0,0,0,13173.6,194,67.6,35,12.2,19,6.6,0,0.0,1,0.3,0,0.0,0,0.0,0,0.0,0,0.0,0,0.0,21,7.3,39,13.6,69,24.0,6,2.1,set2,1gx0
188,501,5,0,0,0,21175.0,368,73.5,0,0.0,13,2.6,1,0.2,2,0.4,2,0.4,0,0.0,0,0.0,0,0.0,0,0.0,11,2.2,55,11.0,285,56.9,6,1.2,set2,2fai
189,558,2,1,1,0,23142.6,388,69.5,10,1.8,59,10.6,0,0.0,3,0.5,3,0.5,0,0.0,1,0.2,0,0.0,0,0.0,21,3.8,68,12.2,201,36.0,12,2.2,set2,2d3u
190,592,8,0,0,0,24173.2,440,74.3,0,0.0,298,50.3,0,0.0,4,0.7,12,2.0,4,0.7,0,0.0,0,0.0,0,0.0,80,13.5,16,2.7,4,0.7,0,0.0,set2,1ugx
191,426,2,0,0,0,20049.5,310,72.8,12,2.8,18,4.2,0,0.0,0,0.0,2,0.5,0,0.0,0,0.0,0,0.0,0,0.0,19,4.5,45,10.6,201,47.2,11,2.6,set2,1ydk
192,198,2,0,0,0,10023.7,128,64.6,13,6.6,71,35.9,0,0.0,0,0.0,6,3.0,1,0.5,0,0.0,0,0.0,0,0.0,25,12.6,12,6.1,6,3.0,2,1.0,set2,1g2k
193,1848,8,2,0,2,77805.2,1380,74.7,0,0.0,392,21.2,0,0.0,8,0.4,20,1.1,0,0.0,0,0.0,0,0.0,0,0.0,176,9.5,184,10.0,532,28.8,20,1.1,set2,2h6b
194,465,2,0,0,0,17352.5,352,75.7,75,16.1,56,12.0,0,0.0,0,0.0,4,0.9,0,0.0,0,0.0,0,0.0,0,0.0,20,4.3,34,7.3,143,30.8,8,1.7,set2,1nc3
195,198,2,0,0,0,9637.1,129,65.2,14,7.1,73,36.9,0,0.0,0,0.0,6,3.0,1,0.5,0,0.0,0,0.0,0,0.0,24,12.1,12,6.1,6,3.0,2,1.0,set2,2i0d
196,257,1,0,0,0,11816.3,162,63.0,18,7.0,58,22.6,2,0.8,0,0.0,2,0.8,0,0.0,2,0.8,0,0.0,0,0.0,23,8.9,33,12.8,16,6.2,0,0.0,set2,2hd6
197,946,4,0,0,0,32569.8,604,63.8,8,0.8,339,35.8,18,1.9,6,0.6,8,0.8,2,0.2,0,0.0,0,0.0,0,0.0,72,7.6,93,9.8,25,2.6,12,1.3,set2,2hj4
198,504,4,0,0,0,23419.0,334,66.3,30,6.0,58,11.5,2,0.4,2,0.4,0,0.0,0,0.0,0,0.0,0,0.0,0,0.0,22,4.4,36,7.1,156,31.0,7,1.4,set2,1tt1
199,346,2,0,0,0,14401.8,255,73.7,38,11.0,17,4.9,0,0.0,2,0.6,2,0.6,0,0.0,0,0.0,0,0.0,0,0.0,18,5.2,35,10.1,125,36.1,10,2.9,set2,1usk
200,272,3,2,0,2,13592.5,178,65.4,17,6.2,43,15.8,0,0.0,4,1.5,1,0.4,0,0.0,0,0.0,0,0.0,0,0.0,14,5.1,23,8.5,66,24.3,3,1.1,set2,1y1m
201,1174,10,0,0,0,39522.5,850,72.4,144,12.3,8,0.7,0,0.0,4,0.3,0,0.0,0,0.0,0,0.0,0,0.0,0,0.0,62,5.3,134,11.4,426,36.3,28,2.4,set2,1yxd
202,271,3,0,0,0,13820.1,183,67.5,31,11.4,21,7.7,0,0.0,0,0.0,0,0.0,0,0.0,0,0.0,0,0.0,0,0.0,18,6.6,37,13.7,64,23.6,1,0.4,set2,1nw5
203,287,1,3,3,0,13939.3,190,66.2,17,5.9,47,16.4,1,0.3,3,1.0,1,0.3,0,0.0,0,0.0,0,0.0,0,0.0,15,5.2,26,9.1,69,24.0,3,1.0,set2,1y20
204,148,1,0,0,0,13317.4,75,50.7,0,0.0,8,5.4,0,0.0,1,0.7,0,0.0,0,0.0,1,0.7,0,0.0,0,0.0,6,4.1,17,11.5,40,27.0,1,0.7,set2,2d3z
205,504,4,0,0,0,23624.6,337,66.9,30,6.0,58,11.5,2,0.4,2,0.4,0,0.0,0,0.0,0,0.0,0,0.0,0,0.0,20,4.0,40,7.9,155,30.8,6,1.2,set2,1s7y
206,1800,12,0,0,0,56770.2,1326,73.7,247,13.7,24,1.3,0,0.0,0,0.0,0,0.0,0,0.0,0,0.0,0,0.0,0,0.0,80,4.4,314,17.4,561,31.2,12,0.7,set2,1v1j
207,152,2,0,0,0,8185.7,105,69.1,14,9.2,10,6.6,0,0.0,0,0.0,0,0.0,0,0.0,0,0.0,0,0.0,0,0.0,5,3.3,16,10.5,48,31.6,5,3.3,set2,1gyy
208,352,2,0,0,0,15031.0,247,70.2,4,1.1,67,19.0,2,0.6,0,0.0,5,1.4,0,0.0,0,0.0,0,0.0,0,0.0,17,4.8,39,11.1,94,26.7,10,2.8,set2,2hdr
209,281,3,8,7,1,13820.0,168,59.8,2,0.7,81,28.8,4,1.4,2,0.7,4,1.4,0,0.0,0,0.0,0,0.0,0,0.0,19,6.8,31,11.0,17,6.0,2,0.7,set2,2j2u
210,159,3,2,1,1,8832.5,103,64.8,0,0.0,65,40.9,0,0.0,1,0.6,3,1.9,0,0.0,0,0.0,0,0.0,0,0.0,11,6.9,11,6.9,17,10.7,0,0.0,set2,1lnm
211,443,2,0,0,0,16935.7,346,78.1,55,12.4,19,4.3,1,0.2,3,0.7,0,0.0,0,0.0,0,0.0,0,0.0,0,0.0,34,7.7,58,13.1,144,32.5,12,2.7,set2,2j78
212,436,1,0,0,0,21726.4,300,68.8,10,2.3,101,23.2,2,0.5,3,0.7,1,0.2,0,0.0,1,0.2,0,0.0,0,0.0,29,6.7,59,13.5,90,20.6,8,1.8,set2,1zhy
213,283,3,3,1,2,13385.5,185,65.4,17,6.0,47,16.6,2,0.7,3,1.1,1,0.4,0,0.0,0,0.0,0,0.0,0,0.0,13,4.6,22,7.8,68,24.0,4,1.4,set2,1y1z
214,349,1,0,0,0,14155.2,266,76.2,41,11.7,0,0.0,0,0.0,0,0.0,1,0.3,0,0.0,0,0.0,0,0.0,0,0.0,24,6.9,45,12.9,134,38.4,9,2.6,set2,1o5r
215,361,2,0,0,0,16409.0,264,73.1,18,5.0,44,12.2,0,0.0,1,0.3,4,1.1,1,0.3,0,0.0,0,0.0,0,0.0,22,6.1,47,13.0,112,31.0,8,2.2,set2,2fxu
216,198,2,0,0,0,9875.3,135,68.2,12,6.1,72,36.4,0,0.0,0,0.0,6,3.0,1,0.5,0,0.0,0,0.0,0,0.0,31,15.7,14,7.1,6,3.0,2,1.0,set2,1ec1
217,272,3,0,0,0,12874.6,197,72.4,16,5.9,25,9.2,0,0.0,0,0.0,0,0.0,0,0.0,0,0.0,0,0.0,0,0.0,17,6.2,31,11.4,84,30.9,10,3.7,set2,1sw1
218,312,1,2,2,0,11695.9,230,73.7,52,16.7,11,3.5,0,0.0,2,0.6,2,0.6,0,0.0,0,0.0,0,0.0,0,0.0,18,5.8,29,9.3,109,34.9,5,1.6,set2,1fhd
219,425,4,0,0,0,22001.4,287,67.5,3,0.7,33,7.8,0,0.0,0,0.0,2,0.5,0,0.0,0,0.0,0,0.0,0,0.0,25,5.9,64,15.1,151,35.5,4,0.9,set2,2h21
220,5280,24,0,0,0,0,2988,56.6,348,6.6,972,18.4,12,0.2,84,1.6,12,0.2,0,0.0,12,0.2,0,0.0,0,0.0,468,8.9,684,13.0,252,4.8,12,0.2,set2,2buv
221,223,2,4,4,0,11369.9,132,59.2,10,4.5,58,26.0,0,0.0,4,1.8,1,0.4,0,0.0,0,0.0,0,0.0,0,0.0,11,4.9,18,8.1,32,14.3,2,0.9,set2,1rdn
222,198,2,0,0,0,9771.7,126,63.6,13,6.6,72,36.4,0,0.0,0,0.0,6,3.0,1,0.5,0,0.0,0,0.0,0,0.0,23,11.6,12,6.1,6,3.0,2,1.0,set2,2i0a
223,999,3,0,0,0,32748.6,730,73.1,137,13.7,6,0.6,0,0.0,0,0.0,6,0.6,3,0.3,0,0.0,0,0.0,0,0.0,57,5.7,111,11.1,353,35.3,15,1.5,set2,1duv
224,496,2,0,0,0,24292.8,388,78.2,0,0.0,12,2.4,0,0.0,2,0.4,2,0.4,0,0.0,0,0.0,0,0.0,0,0.0,22,4.4,68,13.7,284,57.3,4,0.8,set2,1qkt
225,198,2,0,0,0,9721.0,131,66.2,13,6.6,75,37.9,0,0.0,0,0.0,6,3.0,1,0.5,0,0.0,0,0.0,0,0.0,24,12.1,12,6.1,6,3.0,2,1.0,set2,1b6j
226,297,1,0,0,0,13725.7,216,72.7,16,5.4,40,13.5,3,1.0,0,0.0,2,0.7,0,0.0,0,0.0,0,0.0,0,0.0,29,9.8,27,9.1,90,30.3,9,3.0,set2,2azr
227,316,1,0,0,0,13559.2,239,75.6,49,15.5,5,1.6,0,0.0,1,0.3,1,0.3,0,0.0,0,0.0,0,0.0,0,0.0,22,7.0,34,10.8,108,34.2,8,2.5,set2,2fqw
228,686,2,0,0,0,26241.0,474,69.1,68,9.9,34,5.0,1,0.1,0,0.0,2,0.3,0,0.0,0,0.0,0,0.0,0,0.0,49,7.1,83,12.1,183,26.7,16,2.3,set2,1xge
229,630,4,0,0,0,23013.6,473,75.1,68,10.8,24,3.8,0,0.0,0,0.0,0,0.0,0,0.0,0,0.0,0,0.0,0,0.0,60,9.5,80,12.7,202,32.1,2,0.3,set2,2ff1
230,364,3,0,0,0,15414.8,252,69.2,30,8.2,27,7.4,1,0.3,0,0.0,4,1.1,0,0.0,0,0.0,0,0.0,0,0.0,24,6.6,27,7.4,128,35.2,8,2.2,set2,1q4w
231,365,1,0,0,0,16875.1,239,65.5,40,11.0,7,1.9,0,0.0,1,0.3,1,0.3,0,0.0,0,0.0,0,0.0,0,0.0,27,7.4,45,12.3,99,27.1,5,1.4,set2,2qrk
232,214,1,0,0,0,11043.0,153,71.5,4,1.9,41,19.2,1,0.5,1,0.5,0,0.0,0,0.0,0,0.0,0,0.0,0,0.0,16,7.5,30,14.0,54,25.2,5,2.3,set2,2iwx
233,198,2,0,0,0,10080.3,121,61.1,13,6.6,71,35.9,0,0.0,0,0.0,6,3.0,1,0.5,0,0.0,0,0.0,0,0.0,18,9.1,11,5.6,7,3.5,2,1.0,set2,1xl5
234,466,2,0,0,0,17381.6,359,77.0,75,16.1,54,11.6,0,0.0,0,0.0,4,0.9,0,0.0,1,0.2,0,0.0,0,0.0,21,4.5,36,7.7,145,31.1,9,1.9,set2,1nc1
235,249,2,0,0,0,11953.7,171,68.7,15,6.0,29,11.6,0,0.0,2,0.8,0,0.0,0,0.0,0,0.0,0,0.0,0,0.0,17,6.8,19,7.6,75,30.1,3,1.2,set2,1txf
236,518,2,1,1,0,24864.7,336,64.9,30,5.8,58,11.2,2,0.4,2,0.4,0,0.0,0,0.0,0,0.0,0,0.0,0,0.0,24,4.6,44,8.5,148,28.6,12,2.3,set2,1syh
237,528,2,3,2,1,19785.2,346,65.5,46,8.7,33,6.2,0,0.0,1,0.2,3,0.6,0,0.0,0,0.0,0,0.0,0,0.0,34,6.4,65,12.3,147,27.8,9,1.7,set2,1h23
238,287,1,0,0,0,13211.4,197,68.6,33,11.5,19,6.6,0,0.0,1,0.3,0,0.0,0,0.0,0,0.0,0,0.0,0,0.0,22,7.7,39,13.6,71,24.7,6,2.1,set2,1gww
239,419,5,4,3,1,19908.5,264,63.0,9,2.1,168,40.1,3,0.7,2,0.5,5,1.2,0,0.0,0,0.0,0,0.0,0,0.0,37,8.8,28,6.7,13,3.1,4,1.0,set2,1jgl
240,358,1,0,0,0,14765.6,256,71.5,4,1.1,68,19.0,2,0.6,0,0.0,5,1.4,0,0.0,0,0.0,0,0.0,0,0.0,23,6.4,40,11.2,94,26.3,11,3.1,set2,2hdq
241,198,2,0,0,0,9800.3,129,65.2,12,6.1,73,36.9,0,0.0,0,0.0,6,3.0,1,0.5,0,0.0,0,0.0,0,0.0,25,12.6,13,6.6,6,3.0,2,1.0,set2,1ebz
242,456,4,0,0,0,16049.5,305,66.9,8,1.8,235,51.5,0,0.0,4,0.9,8,1.8,0,0.0,0,0.0,0,0.0,0,0.0,31,6.8,16,3.5,8,1.8,0,0.0,set2,2boj
243,198,2,0,0,0,9738.8,130,65.7,12,6.1,73,36.9,0,0.0,0,0.0,6,3.0,1,0.5,0,0.0,0,0.0,0,0.0,26,13.1,13,6.6,6,3.0,2,1.0,set2,1ec0
244,310,4,0,0,0,12602.7,222,71.6,0,0.0,56,18.1,2,0.6,2,0.6,0,0.0,0,0.0,2,0.6,0,0.0,0,0.0,22,7.1,38,12.3,92,29.7,0,0.0,set2,2fqt
245,364,3,0,0,0,15034.6,253,69.5,30,8.2,26,7.1,1,0.3,0,0.0,3,0.8,0,0.0,0,0.0,0,0.0,0,0.0,21,5.8,28,7.7,131,36.0,11,3.0,set2,1s38
246,198,2,0,0,0,10118.5,128,64.6,12,6.1,73,36.9,0,0.0,0,0.0,6,3.0,1,0.5,0,0.0,0,0.0,0,0.0,24,12.1,13,6.6,6,3.0,2,1.0,set2,1d4i
247,372,1,0,0,0,15220.6,258,69.4,30,8.1,35,9.4,1,0.3,0,0.0,5,1.3,0,0.0,0,0.0,0,0.0,0,0.0,24,6.5,27,7.3,130,34.9,8,2.2,set2,1enu
248,624,8,0,0,0,24001.7,465,74.5,46,7.4,20,3.2,0,0.0,2,0.3,0,0.0,0,0.0,0,0.0,0,0.0,0,0.0,44,7.1,68,10.9,252,40.4,16,2.6,set2,1e2k
249,431,1,8,8,0,16559.4,282,65.4,14,3.2,120,27.8,2,0.5,4,0.9,9,2.1,0,0.0,0,0.0,0,0.0,0,0.0,40,9.3,42,9.7,42,9.7,5,1.2,set2,1h46
250,236,2,0,0,0,15808.6,132,55.9,0,0.0,98,41.5,2,0.8,2,0.8,8,3.4,0,0.0,0,0.0,0,0.0,0,0.0,12,5.1,12,5.1,4,1.7,0,0.0,set2,1lhw
251,248,1,0,0,0,11501.7,171,69.0,12,4.8,39,15.7,1,0.4,2,0.8,2,0.8,0,0.0,0,0.0,0,0.0,0,0.0,14,5.6,27,10.9,74,29.8,5,2.0,set2,1nli
252,682,2,2,2,0,26623.4,496,72.7,40,5.9,64,9.4,0,0.0,0,0.0,0,0.0,0,0.0,0,0.0,0,0.0,0,0.0,34,5.0,93,13.6,237,34.8,12,1.8,set2,1a99
253,254,2,6,5,1,11484.8,156,61.4,2,0.8,81,31.9,0,0.0,3,1.2,5,2.0,0,0.0,1,0.4,0,0.0,0,0.0,19,7.5,30,11.8,10,3.9,1,0.4,set2,1gi9
254,258,2,6,5,1,11566.4,159,61.6,2,0.8,83,32.2,0,0.0,3,1.2,5,1.9,0,0.0,1,0.4,0,0.0,0,0.0,18,7.0,34,13.2,9,3.5,1,0.4,set2,1gj8
255,307,1,1,1,0,12184.5,209,68.1,28,9.1,19,6.2,1,0.3,1,0.3,0,0.0,0,0.0,0,0.0,0,0.0,0,0.0,20,6.5,27,8.8,96,31.3,3,1.0,set2,1iy7
256,239,1,0,0,0,10682.1,148,61.9,0,0.0,96,40.2,4,1.7,2,0.8,0,0.0,0,0.0,0,0.0,0,0.0,0,0.0,17,7.1,15,6.3,6,2.5,1,0.4,set2,1gzc
257,434,1,10,10,0,16290.5,273,62.9,11,2.5,123,28.3,1,0.2,3,0.7,7,1.6,1,0.2,0,0.0,0,0.0,0,0.0,34,7.8,46,10.6,33,7.6,5,1.2,set2,1dy4
258,1276,8,0,0,0,38301.6,912,71.5,168,13.2,8,0.6,0,0.0,0,0.0,0,0.0,0,0.0,0,0.0,0,0.0,0,0.0,64,5.0,140,11.0,476,37.3,16,1.3,set2,2fw6
259,490,1,0,0,0,18849.2,337,68.8,42,8.6,12,2.4,0,0.0,3,0.6,2,0.4,0,0.0,0,0.0,0,0.0,0,0.0,35,7.1,70,14.3,133,27.1,10,2.0,set2,1q6g
260,478,2,0,0,0,19494.5,310,64.9,0,0.0,198,41.4,8,1.7,4,0.8,0,0.0,0,0.0,0,0.0,0,0.0,0,0.0,44,9.2,30,6.3,12,2.5,4,0.8,set2,1ax2
261,1652,6,0,0,0,56217.3,1209,73.2,36,2.2,251,15.2,0,0.0,0,0.0,12,0.7,0,0.0,4,0.2,0,0.0,0,0.0,95,5.8,164,9.9,560,33.9,47,2.8,set2,3cd0
262,258,1,0,0,0,11496.3,153,59.3,16,6.2,57,22.1,2,0.8,0,0.0,2,0.8,0,0.0,1,0.4,0,0.0,0,0.0,18,7.0,31,12.0,17,6.6,0,0.0,set2,2nn1
263,302,1,2,2,0,11137.7,217,71.9,50,16.6,8,2.6,0,0.0,1,0.3,2,0.7,0,0.0,0,0.0,0,0.0,0,0.0,15,5.0,37,12.3,95,31.5,5,1.7,set2,1v0l
264,316,1,0,0,0,13462.2,241,76.3,49,15.5,5,1.6,0,0.0,1,0.3,1,0.3,0,0.0,0,0.0,0,0.0,0,0.0,23,7.3,34,10.8,107,33.9,8,2.5,set2,2fqx
265,600,4,0,0,0,24591.5,390,65.0,0,0.0,268,44.7,4,0.7,4,0.7,4,0.7,0,0.0,0,0.0,0,0.0,0,0.0,76,12.7,26,4.3,4,0.7,4,0.7,set2,1uld
266,1172,4,0,0,0,41058.4,844,72.0,140,11.9,16,1.4,0,0.0,4,0.3,0,0.0,0,0.0,0,0.0,0,0.0,0,0.0,66,5.6,84,7.2,488,41.6,28,2.4,set2,1f74
267,454,1,0,0,0,18073.8,324,71.4,39,8.6,44,9.7,0,0.0,0,0.0,5,1.1,0,0.0,0,0.0,0,0.0,0,0.0,26,5.7,43,9.5,156,34.4,8,1.8,set2,1ua4
268,422,8,0,0,0,17411.2,316,74.9,12,2.8,20,4.7,0,0.0,0,0.0,4,0.9,0,0.0,0,0.0,0,0.0,0,0.0,18,4.3,52,12.3,194,46.0,8,1.9,set2,10gs
269,380,4,0,0,0,31100.3,182,47.9,16,4.2,0,0.0,0,0.0,0,0.0,0,0.0,0,0.0,6,1.6,0,0.0,0,0.0,4,1.1,40,10.5,88,23.2,8,2.1,set2,1uwu
270,346,2,0,0,0,14022.1,254,73.4,38,11.0,17,4.9,0,0.0,2,0.6,2,0.6,0,0.0,0,0.0,0,0.0,0,0.0,18,5.2,37,10.7,123,35.5,9,2.6,set2,1usi
271,198,2,0,0,0,10097.7,122,61.6,12,6.1,71,35.9,0,0.0,0,0.0,6,3.0,1,0.5,0,0.0,0,0.0,0,0.0,20,10.1,12,6.1,6,3.0,2,1.0,set2,1eby
272,361,4,0,0,0,14577.7,246,68.1,30,8.3,24,6.6,1,0.3,0,0.0,3,0.8,1,0.3,0,0.0,0,0.0,0,0.0,16,4.4,30,8.3,128,35.5,12,3.3,set2,1r5y
273,223,2,4,4,0,11349.8,132,59.2,10,4.5,58,26.0,0,0.0,4,1.8,1,0.4,0,0.0,0,0.0,0,0.0,0,0.0,11,4.9,18,8.1,32,14.3,2,0.9,set2,1rdi
274,792,2,0,0,0,29166.3,564,71.2,47,5.9,42,5.3,2,0.3,6,0.8,0,0.0,0,0.0,0,0.0,0,0.0,0,0.0,48,6.1,73,9.2,302,38.1,17,2.1,set2,1tok
275,284,3,8,7,1,13818.1,174,61.3,2,0.7,85,29.9,3,1.1,2,0.7,4,1.4,0,0.0,1,0.4,0,0.0,0,0.0,18,6.3,31,10.9,18,6.3,3,1.1,set2,2j4i
276,518,4,1,1,0,21533.0,346,66.8,30,5.8,58,11.2,2,0.4,2,0.4,0,0.0,0,0.0,0,0.0,0,0.0,0,0.0,26,5.0,52,10.0,148,28.6,10,1.9,set2,1p1n
277,238,2,0,0,0,11473.3,180,75.6,0,0.0,9,3.8,0,0.0,1,0.4,1,0.4,0,0.0,0,0.0,0,0.0,0,0.0,5,2.1,25,10.5,134,56.3,5,2.1,set2,1z95
278,284,4,0,0,0,21638.8,184,64.8,36,12.7,0,0.0,0,0.0,0,0.0,0,0.0,0,0.0,0,0.0,0,0.0,0,0.0,24,8.5,38,13.4,74,26.1,4,1.4,set2,1bky
279,557,2,0,0,0,21171.4,408,73.2,38,6.8,168,30.2,2,0.4,0,0.0,10,1.8,2,0.4,2,0.4,0,0.0,0,0.0,44,7.9,46,8.3,83,14.9,8,1.4,set2,1u1w
280,520,2,1,1,0,22034.1,338,65.0,30,5.8,58,11.2,2,0.4,2,0.4,0,0.0,0,0.0,0,0.0,0,0.0,0,0.0,20,3.8,46,8.8,146,28.1,14,2.7,set2,1p1o
281,297,1,0,0,0,13718.1,217,73.1,13,4.4,40,13.5,3,1.0,0,0.0,2,0.7,0,0.0,0,0.0,0,0.0,0,0.0,32,10.8,27,9.1,90,30.3,9,3.0,set2,2b07
282,197,3,0,0,0,9768.5,139,70.6,14,7.1,74,37.6,0,0.0,0,0.0,5,2.5,1,0.5,0,0.0,0,0.0,0,0.0,33,16.8,12,6.1,6,3.0,2,1.0,set2,1b6l
283,323,2,0,0,0,13836.9,209,64.7,22,6.8,19,5.9,0,0.0,0,0.0,2,0.6,0,0.0,0,0.0,0,0.0,0,0.0,27,8.4,33,10.2,87,26.9,7,2.2,set2,2afx
284,466,2,0,0,0,18734.8,360,77.3,32,6.9,134,28.8,4,0.9,2,0.4,2,0.4,0,0.0,0,0.0,0,0.0,0,0.0,36,7.7,48,10.3,96,20.6,4,0.9,set2,2f5t
285,262,2,0,0,0,10485.7,192,73.3,23,8.8,29,11.1,0,0.0,0,0.0,1,0.4,0,0.0,2,0.8,0,0.0,0,0.0,19,7.3,33,12.6,73,27.9,2,0.8,set2,1hnn
286,258,2,6,5,1,11618.5,154,59.7,2,0.8,81,31.4,0,0.0,3,1.2,5,1.9,0,0.0,0,0.0,0,0.0,0,0.0,16,6.2,34,13.2,8,3.1,1,0.4,set2,1gjd
287,259,2,1,1,0,13140.0,172,66.4,15,5.8,29,11.2,1,0.4,1,0.4,0,0.0,0,0.0,0,0.0,0,0.0,0,0.0,15,5.8,19,7.3,77,29.7,3,1.2,set2,1s50
288,528,2,3,2,1,19702.2,340,64.4,45,8.5,33,6.2,0,0.0,1,0.2,3,0.6,0,0.0,0,0.0,0,0.0,0,0.0,31,5.9,64,12.1,145,27.5,9,1.7,set2,1h22
289,258,1,0,0,0,12071.0,162,62.8,18,7.0,57,22.1,3,1.2,0,0.0,2,0.8,1,0.4,1,0.4,0,0.0,0,0.0,23,8.9,32,12.4,17,6.6,0,0.0,set2,2pou
290,120,2,0,0,0,11969.3,56,46.7,0,0.0,0,0.0,0,0.0,2,1.7,0,0.0,0,0.0,0,0.0,0,0.0,0,0.0,6,5.0,10,8.3,38,31.7,0,0.0,set2,1toj
291,373,3,3,0,3,16530.0,263,70.5,18,4.8,112,30.0,2,0.5,2,0.5,3,0.8,0,0.0,1,0.3,0,0.0,0,0.0,54,14.5,35,9.4,28,7.5,5,1.3,set2,2fdp
292,287,2,8,7,1,13926.6,172,59.9,2,0.7,82,28.6,4,1.4,2,0.7,4,1.4,0,0.0,0,0.0,0,0.0,0,0.0,19,6.6,29,10.1,19,6.6,2,0.7,set2,2boh
293,498,3,0,0,0,23248.3,377,75.7,0,0.0,17,3.4,0,0.0,2,0.4,2,0.4,0,0.0,0,0.0,0,0.0,0,0.0,12,2.4,51,10.2,290,58.2,7,1.4,set2,1sr7
294,246,1,0,0,0,13124.5,181,73.6,0,0.0,6,2.4,0,0.0,1,0.4,1,0.4,0,0.0,0,0.0,0,0.0,0,0.0,7,2.8,27,11.0,140,56.9,2,0.8,set2,2ayr
295,297,1,0,0,0,13561.8,214,72.1,14,4.7,38,12.8,3,1.0,0,0.0,2,0.7,0,0.0,0,0.0,0,0.0,0,0.0,28,9.4,30,10.1,88,29.6,8,2.7,set2,2hb1
296,349,1,0,0,0,14237.6,267,76.5,40,11.5,0,0.0,0,0.0,0,0.0,1,0.3,0,0.0,0,0.0,0,0.0,0,0.0,23,6.6,44,12.6,136,39.0,10,2.9,set2,1qxl
297,312,1,2,2,0,11790.4,223,71.5,52,16.7,9,2.9,0,0.0,2,0.6,1,0.3,0,0.0,0,0.0,0,0.0,0,0.0,14,4.5,29,9.3,108,34.6,5,1.6,set2,1fh8
298,286,2,8,7,1,13197.0,172,60.1,2,0.7,82,28.7,4,1.4,2,0.7,4,1.4,0,0.0,0,0.0,0,0.0,0,0.0,18,6.3,32,11.2,19,6.6,2,0.7,set2,2cji
299,235,1,0,0,0,11675.7,177,75.3,2,0.9,7,3.0,1,0.4,1,0.4,0,0.0,0,0.0,0,0.0,0,0.0,0,0.0,4,1.7,29,12.3,132,56.2,3,1.3,set2,1fcx
300,427,5,4,4,0,19392.9,296,69.3,9,2.1,178,41.7,5,1.2,4,0.9,6,1.4,0,0.0,0,0.0,0,0.0,0,0.0,53,12.4,34,8.0,12,2.8,5,1.2,set2,1q0y
301,316,1,0,0,0,13259.7,246,77.8,50,15.8,5,1.6,0,0.0,1,0.3,1,0.3,0,0.0,0,0.0,0,0.0,0,0.0,25,7.9,36,11.4,108,34.2,8,2.5,set2,2fqy
302,439,3,0,0,0,16370.6,338,77.0,53,12.1,17,3.9,1,0.2,4,0.9,0,0.0,0,0.0,0,0.0,0,0.0,0,0.0,35,8.0,54,12.3,142,32.3,12,2.7,set2,1uz1
303,478,2,0,0,0,19365.0,298,62.3,0,0.0,194,40.6,8,1.7,4,0.8,0,0.0,0,0.0,0,0.0,0,0.0,0,0.0,36,7.5,28,5.9,12,2.5,2,0.4,set2,1gz9
304,284,3,0,0,0,14631.5,179,63.0,2,0.7,40,14.1,1,0.4,1,0.4,2,0.7,0,0.0,0,0.0,0,0.0,0,0.0,20,7.0,37,13.0,69,24.3,2,0.7,set2,2fvd
305,192,1,0,0,0,9856.1,117,60.9,15,7.8,7,3.6,0,0.0,0,0.0,1,0.5,0,0.0,0,0.0,0,0.0,0,0.0,4,2.1,17,8.9,64,33.3,4,2.1,set2,1ui0
306,272,2,0,0,0,14082.2,186,68.4,2,0.7,51,18.8,1,0.4,2,0.7,3,1.1,0,0.0,0,0.0,0,0.0,0,0.0,27,9.9,30,11.0,69,25.4,3,1.1,set2,2brb
307,972,4,16,16,0,39776.4,585,60.2,8,0.8,304,31.3,3,0.3,8,0.8,24,2.5,1,0.1,0,0.0,0,0.0,0,0.0,66,6.8,113,11.6,58,6.0,0,0.0,set2,2fpz
308,286,2,8,7,1,14610.3,167,58.4,2,0.7,83,29.0,3,1.0,2,0.7,4,1.4,0,0.0,0,0.0,0,0.0,0,0.0,15,5.2,34,11.9,17,5.9,2,0.7,set2,2j34
309,1004,4,0,0,0,46517.4,681,67.8,60,6.0,116,11.6,4,0.4,4,0.4,0,0.0,0,0.0,0,0.0,0,0.0,0,0.0,52,5.2,81,8.1,312,31.1,12,1.2,set2,1s9t
310,198,2,0,0,0,9849.9,136,68.7,14,7.1,75,37.9,0,0.0,0,0.0,6,3.0,1,0.5,0,0.0,0,0.0,0,0.0,29,14.6,12,6.1,6,3.0,2,1.0,set2,1b6m
311,320,2,2,2,0,15088.2,205,64.1,0,0.0,118,36.9,0,0.0,0,0.0,0,0.0,0,0.0,0,0.0,0,0.0,0,0.0,22,6.9,26,8.1,18,5.6,0,0.0,set2,1lrh
312,434,2,0,0,0,19523.7,297,68.4,14,3.2,18,4.1,0,0.0,0,0.0,4,0.9,0,0.0,0,0.0,0,0.0,0,0.0,14,3.2,51,11.8,178,41.0,6,1.4,set2,1xw6
313,462,3,6,6,0,22562.0,290,62.8,12,2.6,92,19.9,0,0.0,6,1.3,0,0.0,0,0.0,0,0.0,0,0.0,0,0.0,15,3.2,33,7.1,132,28.6,6,1.3,set2,1bcj
314,1655,5,0,0,0,56343.7,1217,73.5,34,2.1,253,15.3,0,0.0,0,0.0,11,0.7,0,0.0,4,0.2,0,0.0,0,0.0,101,6.1,162,9.8,568,34.3,43,2.6,set2,3cda
315,256,1,3,3,0,12771.1,158,61.7,21,8.2,16,6.2,2,0.8,0,0.0,2,0.8,0,0.0,0,0.0,0,0.0,0,0.0,15,5.9,25,9.8,60,23.4,5,2.0,set2,2fv5
316,198,2,0,0,0,10077.9,124,62.6,13,6.6,74,37.4,0,0.0,0,0.0,6,3.0,1,0.5,0,0.0,0,0.0,0,0.0,18,9.1,13,6.6,6,3.0,2,1.0,set2,1kzk
317,198,2,0,0,0,9903.0,130,65.7,12,6.1,73,36.9,0,0.0,0,0.0,6,3.0,1,0.5,0,0.0,0,0.0,0,0.0,26,13.1,13,6.6,6,3.0,2,1.0,set2,1ec2
318,158,1,0,0,0,7623.4,109,69.0,10,6.3,60,38.0,0,0.0,1,0.6,1,0.6,0,0.0,0,0.0,0,0.0,0,0.0,19,12.0,9,5.7,6,3.8,0,0.0,set2,1tr7
319,312,1,2,2,0,11842.0,228,73.1,52,16.7,9,2.9,0,0.0,2,0.6,1,0.3,0,0.0,0,0.0,0,0.0,0,0.0,17,5.4,30,9.6,108,34.6,5,1.6,set2,1fh9
320,276,1,0,0,0,11031.8,194,70.3,47,17.0,2,0.7,0,0.0,0,0.0,0,0.0,1,0.4,0,0.0,0,0.0,0,0.0,26,9.4,25,9.1,79,28.6,5,1.8,set2,2bvd
321,1014,1,5,5,0,36289.3,663,65.4,49,4.8,206,20.3,2,0.2,8,0.8,4,0.4,1,0.1,0,0.0,0,0.0,0,0.0,92,9.1,85,8.4,191,18.8,9,0.9,set2,1ps3
322,198,2,0,0,0,10081.5,129,65.2,13,6.6,71,35.9,0,0.0,0,0.0,6,3.0,1,0.5,0,0.0,0,0.0,0,0.0,26,13.1,12,6.1,6,3.0,2,1.0,set2,1d4j
323,222,1,6,6,0,9872.1,133,59.9,2,0.9,69,31.1,2,0.9,1,0.5,3,1.4,1,0.5,0,0.0,0,0.0,0,0.0,17,7.7,21,9.5,12,5.4,1,0.5,set2,1utm
324,300,1,0,0,0,11559.8,217,72.3,42,14.0,10,3.3,1,0.3,2,0.7,1,0.3,0,0.0,0,0.0,0,0.0,0,0.0,20,6.7,31,10.3,87,29.0,8,2.7,set2,1w3k
325,439,2,5,4,1,20029.1,274,62.4,10,2.3,170,38.7,5,1.1,3,0.7,4,0.9,1,0.2,0,0.0,0,0.0,0,0.0,38,8.7,36,8.2,10,2.3,4,0.9,set2,1i7z
326,490,1,0,0,0,18643.4,330,67.3,42,8.6,10,2.0,0,0.0,3,0.6,2,0.4,0,0.0,0,0.0,0,0.0,0,0.0,34,6.9,67,13.7,132,26.9,10,2.0,set2,1q6e
327,582,1,17,17,0,30359.3,435,74.7,0,0.0,0,0.0,0,0.0,0,0.0,0,0.0,0,0.0,0,0.0,0,0.0,0,0.0,11,1.9,67,11.5,348,59.8,5,0.9,set2,1ha2
328,431,1,8,8,0,16803.1,276,64.0,14,3.2,120,27.8,2,0.5,4,0.9,8,1.9,0,0.0,0,0.0,0,0.0,0,0.0,35,8.1,43,10.0,42,9.7,5,1.2,set2,1z3t
329,478,2,0,0,0,20030.0,304,63.6,0,0.0,198,41.4,8,1.7,4,0.8,0,0.0,0,0.0,0,0.0,0,0.0,0,0.0,40,8.4,32,6.7,10,2.1,2,0.4,set2,1ax0
330,395,1,0,0,0,15507.9,279,70.6,47,11.9,27,6.8,5,1.3,1,0.3,0,0.0,0,0.0,1,0.3,0,0.0,0,0.0,29,7.3,44,11.1,95,24.1,9,2.3,set2,2a3c
331,294,2,0,0,0,14713.2,188,63.9,2,0.7,40,13.6,1,0.3,1,0.3,2,0.7,0,0.0,0,0.0,0,0.0,0,0.0,24,8.2,35,11.9,76,25.9,3,1.0,set2,1pxp
332,792,3,0,0,0,30409.5,544,68.7,62,7.8,87,11.0,2,0.3,0,0.0,7,0.9,1,0.1,1,0.1,0,0.0,0,0.0,58,7.3,99,12.5,172,21.7,16,2.0,set2,4ubp
333,149,2,1,1,0,10383.7,86,57.7,4,2.7,50,33.6,3,2.0,1,0.7,0,0.0,0,0.0,0,0.0,0,0.0,0,0.0,15,10.1,11,7.4,1,0.7,2,1.3,set2,1y0l
334,255,2,6,5,1,11489.1,155,60.8,2,0.8,80,31.4,0,0.0,3,1.2,5,2.0,0,0.0,0,0.0,0,0.0,0,0.0,21,8.2,30,11.8,8,3.1,1,0.4,set2,1o5a
335,373,1,0,0,0,16046.2,274,73.5,17,4.6,38,10.2,0,0.0,1,0.3,2,0.5,0,0.0,0,0.0,0,0.0,0,0.0,19,5.1,56,15.0,123,33.0,7,1.9,set2,1urg
336,518,2,2,2,0,24248.3,346,66.8,30,5.8,58,11.2,2,0.4,2,0.4,0,0.0,0,0.0,0,0.0,0,0.0,0,0.0,29,5.6,47,9.1,146,28.2,14,2.7,set2,1syi
337,157,1,1,1,0,8641.0,120,76.4,0,0.0,65,41.4,1,0.6,1,0.6,4,2.5,2,1.3,0,0.0,0,0.0,0,0.0,21,13.4,18,11.5,12,7.6,1,0.6,set2,2dm5
338,528,2,3,2,1,19626.5,346,65.5,47,8.9,31,5.9,0,0.0,1,0.2,3,0.6,0,0.0,1,0.2,0,0.0,0,0.0,35,6.6,63,11.9,146,27.7,9,1.7,set2,1gpk
339,400,4,0,0,0,16267.7,300,75.0,44,11.0,0,0.0,0,0.0,0,0.0,0,0.0,0,0.0,0,0.0,0,0.0,0,0.0,27,6.8,37,9.2,171,42.8,15,3.8,set2,1w2g
340,451,2,1,1,0,15903.0,320,71.0,0,0.0,49,10.9,4,0.9,2,0.4,2,0.4,0,0.0,0,0.0,0,0.0,0,0.0,16,3.5,45,10.0,182,40.4,11,2.4,set2,1x9d
341,456,4,0,0,0,16105.9,304,66.7,8,1.8,242,53.1,0,0.0,4,0.9,8,1.8,0,0.0,0,0.0,0,0.0,0,0.0,24,5.3,17,3.7,8,1.8,0,0.0,set2,1uzv
342,158,1,0,0,0,8375.5,84,53.2,17,10.8,4,2.5,0,0.0,0,0.0,0,0.0,0,0.0,0,0.0,0,0.0,0,0.0,10,6.3,16,10.1,31,19.6,1,0.6,set2,1y93
